{"73o": [33.71791066663542, 60.513396677034905, 5.7686926563296765], "Q3s": [48.9384093249892, 46.89991635092067, 4.161674324090129], "KJo": [59.44123325612026, 38.30386293221631, 2.254903811663425], "J7s": [50.45445797246379, 45.80489560217325, 3.7406464253629608], "J5s": [47.820944631041094, 47.847245606397195, 4.331809762561711], "QTs": [58.170639783399146, 39.23552116723123, 2.5938390493696275], "65o": [37.01275522122621, 57.12415061334711, 5.863094165426681], "AA": [84.93191548477652, 14.524488880574527, 0.5435956346489483], "Q7s": [52.52348648370852, 43.91896007975699, 3.5575534365344907], "96o": [42.1033930461709, 53.12070253212714, 4.775904421701959], "T7s": [48.65123358793245, 47.37315851409947, 3.975607897968075], "92s": [39.97295459265197, 55.142610858152025, 4.884434549196001], "TT": [74.66026488525495, 24.636704983341676, 0.7030301314033771], "A6o": [55.870305597079756, 40.505401005467085, 3.624293397453158], "T5o": [41.85747552742399, 53.35557642730236, 4.786948045273647], "64s": [38.480977343142015, 55.814339280970685, 5.704683375887299], "KK": [82.1173351632583, 17.325975589686454, 0.5566892470552425], "43o": [32.0663049818924, 61.77451820018232, 6.159176817925278], "63o": [33.069789295473186, 60.91452738413226, 6.015683320394551], "JTo": [53.826005147664986, 43.33059898194693, 2.843395870388086], "JTs": [56.15478092675131, 41.0990667115948, 2.746152361653891], "T9s": [52.376873475261206, 44.3218161623408, 3.3013103623979916], "K2o": [48.42278226010218, 47.40533470978168, 4.171883030116142], "J6o": [45.71353899393414, 50.02499289178289, 4.261468114282977], "J2s": [45.20244083112461, 50.44613601895219, 4.3514231499232], "83o": [34.74984920663525, 59.78222401286365, 5.467926780501102], "77": [65.72535365167847, 33.25330806221517, 1.0213382861063565], "A4o": [54.732870436319615, 41.2735151835522, 3.993614380128186], "K7o": [53.417328097947916, 43.04262775387396, 3.5400441481781257], "74o": [35.661728767979604, 58.562073089825155, 5.776198142195234], "97s": [46.9902897273057, 48.754827533009106, 4.254882739685193], "A3s": [56.33505360768476, 39.89441241694444, 3.770533975370796], "32o": [29.239449613276765, 64.63299335937107, 6.127557027352168], "76o": [39.65381185412242, 55.00831809190473, 5.337870053972857], "K2s": [51.23995219426037, 44.8164955355057, 3.94355227023393], "97o": [44.07205977729306, 51.47644696316561, 4.45149325954133], "55": [59.64003540473737, 38.99019437898783, 1.3697702162748016], "AJo": [62.53517509097659, 35.40865926725578, 2.0561656417676346], "QQ": [79.63199000902189, 19.781661886855485, 0.5863481041226244], "Q9o": [53.86200390508573, 43.14113405573031, 2.9968620391839593], "95s": [43.31270744218413, 51.86895832534791, 4.818334232467961], "J4s": [46.86866794204576, 48.727761149031146, 4.403570908923093], "AQs": [65.31369868329693, 32.89597388867246, 1.7903274280306078], "A6s": [58.178897948886046, 38.367241864929206, 3.453860186184748], "64o": [35.002988740698555, 58.98201225378444, 6.014999005517005], "AKs": [66.21960772367144, 32.13034310520103, 1.6500491711275274], "J7o": [47.72613059744685, 48.36226339553288, 3.911606007020275], "A7s": [59.38667242189113, 37.41875531924429, 3.194572258864582], "73s": [37.303556435048414, 57.23168468463829, 5.464758880313298], "Q9s": [56.22279631444424, 40.89415287882318, 2.8830508067325837], "63s": [36.68542973772918, 57.61830986143792, 5.696260400832898], "A9o": [59.44974132954842, 37.90412855356029, 2.6461301168912925], "Q5s": [50.71345017697604, 45.17462839423326, 4.111921428790701], "85s": [41.990459828704886, 52.90047442462534, 5.109065746669778], "K4s": [52.88884350308959, 43.11957036620049, 3.991586130709919], "88": [68.71738243695428, 30.39131149894993, 0.8913060640957902], "42o": [30.117406626822522, 63.717906375961114, 6.164686997216371], "Q6o": [48.996500812081635, 46.94839620315371, 4.055102984764652], "75o": [37.674684220673385, 56.650746501050435, 5.674569278276181], "QJo": [56.906231651408085, 40.63685229649284, 2.456916052099075], "QTo": [55.947389610961665, 41.36582441683539, 2.686785972202948], "Q7o": [49.90436458832124, 46.373032701994, 3.7226027096847574], "J3s": [46.04175016795605, 49.578502129413955, 4.379747702629992], "98s": [48.85627399559604, 47.25476322056866, 3.8889627838352965], "74s": [39.10890851729361, 55.410284765379274, 5.48080671732712], "Q8s": [54.41701864498215, 42.38155269396186, 3.201428661055992], "65s": [40.34818750475548, 54.08141506819983, 5.570397427044689], "33": [52.839236633739056, 45.453083860180456, 1.7076795060804884], "92o": [36.5170130480359, 58.321140476486065, 5.161846475478036], "85o": [38.74127095684518, 55.88621899296538, 5.37251005018944], "A2o": [52.947305466071136, 43.090188114603365, 3.9625064193255], "J9o": [51.63938074318676, 45.13698697599191, 3.2236322808213274], "J8o": [49.71365741654496, 46.73333139776249, 3.5530111856925473], "T4s": [44.20406938039421, 51.143082164887375, 4.652848454718416], "87o": [42.69329416233738, 52.59166963676679, 4.715036200895831], "J2o": [42.049265713069076, 53.35233048451627, 4.598403802414651], "93o": [37.42791381122293, 57.388885122630356, 5.183201066146715], "K9o": [56.40764356929943, 40.78379425663686, 2.8085621740637094], "52o": [31.193807326984285, 62.624516321820415, 6.1816763511953], "Q4o": [46.92476540976608, 48.66939720412035, 4.405837386113568], "A8o": [58.37415552378549, 38.62894534653489, 2.996899129679619], "K3o": [49.33126422716087, 46.4798849374639, 4.188850835375227], "K5s": [53.83385212353102, 42.248016850336136, 3.9181310261328477], "84o": [36.709171945626274, 57.81558901137335, 5.475239043000379], "A3o": [53.855312026416804, 42.16610735343387, 3.978580620149323], "75s": [40.97900506318636, 53.62793179391565, 5.393063142897994], "72s": [35.43983783348787, 59.128050883964725, 5.432111282547403], "93s": [40.80678926744076, 54.27827368437915, 4.914937048180086], "K9s": [58.63813945111025, 38.66118842906209, 2.700672119827658], "Q2o": [45.109930174519825, 50.51905641016251, 4.3710134153176625], "42s": [33.9179443818006, 60.25991493785861, 5.8221406803407945], "K8o": [54.43163353980056, 42.39128842465697, 3.177078035542472], "K6s": [54.8046714382779, 41.523200391080636, 3.6721281706414644], "94s": [41.407122681438786, 53.683181043000005, 4.90969627556121], "Q6s": [51.67924415862832, 44.45411128597994, 3.866644555391737], "JJ": [77.15297951098135, 22.214033708681526, 0.6329867803371201], "A4s": [57.13779929598613, 39.07052733912784, 3.79167336488603], "T6s": [46.80019755217984, 48.91884618619121, 4.280956261628951], "T6o": [43.84812462253986, 51.66411805380356, 4.487757323656574], "ATo": [61.568084229178446, 36.12477495413271, 2.307140816688843], "KTo": [58.494284106713025, 39.016453830151484, 2.4892620631354916], "K8s": [56.79041009502224, 40.16571022768987, 3.04387967728789], "T9o": [49.81569561079274, 46.75235081277768, 3.431953576429585], "A8s": [60.507809170257985, 36.62018788958131, 2.872002940160705], "32s": [33.09197160488956, 61.12311041087309, 5.78491798423736], "J3o": [42.966762386843, 52.41567261277847, 4.6175650003785265], "J6s": [48.57424473167171, 47.3624304457858, 4.063324822542491], "43s": [35.7273581116914, 58.44346135561281, 5.829180532695787], "84s": [40.10277847858787, 54.69952388770941, 5.197697633702717], "66": [62.700023608243505, 36.13052717512872, 1.1694492166277755], "54s": [38.53253160653717, 55.62569087007438, 5.841777523388451], "72o": [31.710279988428542, 62.54298535774022, 5.74673465383124], "22": [49.385176025390145, 48.71713786851887, 1.8976861060909869], "T4o": [41.05538860065092, 54.047172579120485, 4.897438820228594], "KQs": [62.40841984762961, 35.607613258069186, 1.9839668943012043], "J9s": [54.11198445402888, 42.7870433459174, 3.100972200053725], "Q3o": [46.02489706672342, 49.58602501634745, 4.389077916929132], "KQo": [60.432252779451105, 37.52065268402654, 2.0470945365223585], "94o": [38.08579560829462, 56.7436885611195, 5.1705158305858845], "98o": [46.06833213480499, 49.87426660457582, 4.057401260619187],