{"AA": {"win": 84.9319154847766, "loss": 14.524488880574516, "equity": 0.8520371330210104}, "AKs": {"win": 66.21960772367142, "loss": 32.13034310520104, "equity": 0.6704463230923519}, "AQs": {"win": 65.31369868329693, "loss": 32.89597388867245, "equity": 0.6620886239731224}, "AJs": {"win": 64.3976206494708, "loss": 33.61226258507215, "equity": 0.6539267903219933}, "ATs": {"win": 63.488915185954966, "loss": 34.28414161055895, "equity": 0.6460238678769801}, "A9s": {"win": 61.50967375428853, "loss": 35.94724592104664, "equity": 0.6278121391662095}, "A8s": {"win": 60.507809170257964, "loss": 36.62018788958131, "equity": 0.6194381064033833}, "A7s": {"win": 59.386672421891134, "loss": 37.41875531924428, "equity": 0.6098395855132343}, "A6s": {"win": 58.17889794888605, "loss": 38.36724186492919, "equity": 0.5990582804197843}, "A5s": {"win": 58.064119407749644, "loss": 38.218268175153334, "equity": 0.5992292561629815}, "A4s": {"win": 57.13779929598616, "loss": 39.07052733912784, "equity": 0.5903363597842916}, "A3s": {"win": 56.33505360768477, "loss": 39.89441241694446, "equity": 0.5822032059537016}, "A2s": {"win": 55.50626052287873, "loss": 40.74846479673359, "equity": 0.5737889786307256}, "AKo": {"win": 64.46937793422529, "loss": 33.829234356821246, "equity": 0.6532007178870203}, "KK": {"win": 82.11733516325825, "loss": 17.32597558968644, "equity": 0.823956797867859}, "KQs": {"win": 62.408419847629574, "loss": 35.607613258069186, "equity": 0.6340040329478019}, "KJs": {"win": 61.4765567090795, "loss": 36.34187644726828, "equity": 0.6256734013090561}, "KTs": {"win": 60.58706507579905, "loss": 37.00994873883734, "equity": 0.6178855816848086}, "K9s": {"win": 58.63813945111025, "loss": 38.66118842906209, "equity": 0.5998847551102408}, "K8s": {"win": 56.790410095022224, "loss": 40.16571022768988, "equity": 0.5831234993366617}, "K7s": {"win": 55.84632091841026, "loss": 40.770845907392754, "equity": 0.5753773750550875}, "K6s": {"win": 54.804671438277886, "loss": 41.523200391080664, "equity": 0.5664073552359862}, "K5s": {"win": 53.833852123530995, "loss": 42.24801685033613, "equity": 0.5579291763659744}, "K4s": {"win": 52.888843503089575, "loss": 43.11957036620047, "equity": 0.5488463656844456}, "K3s": {"win": 52.070127019215164, "loss": 43.960174104121506, "equity": 0.5405497645754683}, "K2s": {"win": 51.239952194260376, "loss": 44.81649553550571, "equity": 0.5321172832937733}, "AQo": {"win": 63.50878734865123, "loss": 34.645108602687564, "equity": 0.6443183937298184}, "KQo": {"win": 60.43225277945114, "loss": 37.520652684026544, "equity": 0.614558000477123}, "QQ": {"win": 79.63199000902186, "loss": 19.781661886855492, "equity": 0.799251640610832}, "QJs": {"win": 59.070876123274694, "loss": 38.552465840988376, "equity": 0.6025920514114316}, "QTs": {"win": 58.17063978339913, "loss": 39.23552116723123, "equity": 0.5946755930808396}, "Q9s": {"win": 56.22279631444426, "loss": 40.89415287882316, "equity": 0.5766432171781055}, "Q8s": {"win": 54.41701864498217, "loss": 42.38155269396184, "equity": 0.5601773297551016}, "Q7s": {"win": 52.5234864837085, "loss": 43.918960079756964, "equity": 0.5430226320197576}, "Q6s": {"win": 51.67924415862833, "loss": 44.45411128597993, "equity": 0.536125664363242}, "Q5s": {"win": 50.71345017697601, "loss": 45.17462839423326, "equity": 0.5276941089137138}, "Q4s": {"win": 49.763037261550544, "loss": 46.052433184189496, "equity": 0.5185530203868053}, "Q3s": {"win": 48.93840932498921, "loss": 46.89991635092071, "equity": 0.5101924648703424}, "Q2s": {"win": 48.10181588964462, "loss": 47.76374536583338, "equity": 0.5016903526190561}, "AJo": {"win": 62.535175090976594, "loss": 35.40865926725581, "equity": 0.6356325791186039}, "KJo": {"win": 59.44123325612026, "loss": 38.30386293221631, "equity": 0.6056868516195197}, "QJo": {"win": 56.90623165140808, "loss": 40.63685229649284, "equity": 0.5813468967745762}, "JJ": {"win": 77.15297951098137, "loss": 22.214033708681523, "equity": 0.7746947290114993}, "JTs": {"win": 56.15478092675132, "loss": 41.099066711594794, "equity": 0.5752785710757826}, "J9s": {"win": 54.11198445402886, "loss": 42.787043345917404, "equity": 0.5566247055405572}, "J8s": {"win": 52.31165308048485, "loss": 44.28036472066471, "equity": 0.5401564417991007}, "J7s": {"win": 50.454457972463786, "loss": 45.804895602173254, "equity": 0.5232478118514526}, "J6s": {"win": 48.57424473167172, "loss": 47.362430445785805, "equity": 0.5060590714294296}, "J5s": {"win": 47.8209446310411, "loss": 47.84724560639719, "equity": 0.4998684951232196}, "J4s": {"win": 46.86866794204577, "loss": 48.72776114903114, "equity": 0.4907045339650732}, "J3s": {"win": 46.04175016795606, "loss": 49.578502129413984, "equity": 0.48231624019271035}, "J2s": {"win": 45.20244083112459, "loss": 50.446136018952195, "equity": 0.473781524060862}, "ATo": {"win": 61.56808422917845, "loss": 36.12477495413269, "equity": 0.6272165463752288}, "KTo": {"win": 58.494284106713074, "loss": 39.01645383015146, "equity": 0.597389151382808}, "QTo": {"win": 55.9473896109617, "loss": 41.36582441683539, "equity": 0.5729078259706316}, "JTo": {"win": 53.826005147664986, "loss": 43.33059898194694, "equity": 0.5524770308285902}, "TT": {"win": 74.66026488525497, "loss": 24.636704983341694, "equity": 0.7501177995095664}, "T9s": {"win": 52.37687347526121, "loss": 44.32181616234081, "equity": 0.5402752865646021}, "T8s": {"win": 50.509147765292866, "loss": 45.84040631922884, "equity": 0.5233437072303201}, "T7s": {"win": 48.65123358793241, "loss": 47.373158514099444, "equity": 0.5063903753691649}, "T6s": {"win": 46.800197552179846, "loss": 48.91884618619124, "equity": 0.48940675682994306}, "T5s": {"win": 44.939025322796965, "loss": 50.50650737967376, "equity": 0.47216258971561603}, "T4s": {"win": 44.20406938039421, "loss": 51.143082164887375, "equity": 0.46530493607753415}, "T3s": {"win": 43.378483383934686, "loss": 51.9934593437633, "equity": 0.45692512020085696}, "T2s": {"win": 42.54016085451925, "loss": 52.861195399024126, "equity": 0.4483948272774756}, "A9o": {"win": 59.44974132954839, "loss": 37.9041285535603, "equity": 0.6077280638799405}, "K9o": {"win": 56.407643569299445, "loss": 40.78379425663686, "equity": 0.5781192465633129}, "Q9o": {"win": 53.86200390508571, "loss": 43.141134055730326, "equity": 0.5536043492467769}, "J9o": {"win": 51.63938074318674, "loss": 45.13698697599187, "equity": 0.5325119688359744}, "T9o": {"win": 49.815695610792744, "loss": 46.752350812777664, "equity": 0.5153167239900754}, "99": {"win": 71.66565196986764, "loss": 27.551148079560924, "equity": 0.7205725194515336}, "98s": {"win": 48.856273995596055, "loss": 47.25476322056869, "equity": 0.5080075538751369}, "97s": {"win": 46.990289727305715, "loss": 48.75482753300911, "equity": 0.491177310971483}, "96s": {"win": 45.15116693945821, "loss": 50.29458539786279, "equity": 0.4742829077079771}, "95s": {"win": 43.31270744218412, "loss": 51.86895832534791, "equity": 0.4572187455841811}, "94s": {"win": 41.40712268143879, "loss": 53.68318104299999, "equity": 0.43861970819219404}, "93s": {"win": 40.80678926744078, "loss": 54.278273684379144, "equity": 0.4326425779153082}, "92s": {"win": 39.972954592651966, "loss": 55.142610858152025, "equity": 0.42415171867249973}, "A8o": {"win": 58.3741555237855, "loss": 38.62894534653488, "equity": 0.5987260508862531}, "K8o": {"win": 54.43163353980058, "loss": 42.391288424657, "equity": 0.5602017255757179}, "Q8o": {"win": 51.930521921436416, "loss": 44.73093777359008, "equity": 0.5359979207392317}, "J8o": {"win": 49.713657416544955, "loss": 46.73333139776248, "equity": 0.5149016300939124}, "T8o": {"win": 47.81810506278591, "loss": 48.37555771614844, "equity": 0.49721273673318733}, "98o": {"win": 46.068332134804976, "loss": 49.874266604575844, "equity": 0.48097032765114567}, "88": {"win": 68.71738243695427, "loss": 30.39131149894993, "equity": 0.6916303546900217}, "87s": {"win": 45.68410782864992, "loss": 49.81142734334224, "equity": 0.4793634024265384}, "86s": {"win": 43.818511198945984,