{"AA": {"win": 73.20480500508003, "loss": 26.22912735008357, "equity": 0.7343490298197878}, "AKs": {"win": 49.83839515607548, "loss": 48.24024572335548, "equity": 0.5072484994715069}, "AQs": {"win": 48.414948499822444, "loss": 49.43425576794754, "equity": 0.4941557959191134}, "AJs": {"win": 47.06272431717843, "loss": 50.51352050549565, "equity": 0.4819859797933347}, "ATs": {"win": 45.78608441886793, "loss": 51.494870900396684, "equity": 0.47068096508436286}, "A9s": {"win": 43.10814699968325, "loss": 53.84668137596041, "equity": 0.44550319222980944}, "A8s": {"win": 41.89885456582238, "loss": 54.70592662026878, "equity": 0.43514330566451176}, "A7s": {"win": 40.62564544264952, "loss": 55.68199240711206, "equity": 0.4238754151859456}, "A6s": {"win": 39.30130414890021, "loss": 56.807943399001935, "equity": 0.4116033681350696}, "A5s": {"win": 39.459176699953446, "loss": 56.409373917746386, "equity": 0.41433522489972346}, "A4s": {"win": 38.544891471073264, "loss": 57.31453390473265, "equity": 0.4052293500742119}, "A3s": {"win": 37.726244289479155, "loss": 58.20121646358991, "equity": 0.3966961826121799}, "A2s": {"win": 36.85726694561369, "loss": 59.1379923956699, "equity": 0.3876606889972749}, "AKo": {"win": 47.28745306948618, "loss": 50.717799968425595, "equity": 0.48212522504771693}, "KK": {"win": 68.63178024950366, "loss": 30.786107141208873, "equity": 0.6886806045669421}, "KQs": {"win": 46.093896445048465, "loss": 51.72925872307835, "equity": 0.4708779302731946}, "KJs": {"win": 44.7554244346383, "loss": 52.807214032956914, "equity": 0.4587828240404566}, "KTs": {"win": 43.534725805894475, "loss": 53.765929177934495, "equity": 0.44787346622181795}, "K9s": {"win": 40.913405051055584, "loss": 56.117646029722515, "equity": 0.42297642818517006}, "K8s": {"win": 38.6135181147514, "loss": 58.099784664317255, "equity": 0.401540959023134}, "K7s": {"win": 37.57316519315592, "loss": 58.83007008622036, "equity": 0.3926719737734097}, "K6s": {"win": 36.477670954731686, "loss": 59.70515464922244, "equity": 0.3828027740502528}, "K5s": {"win": 35.51004457392635, "loss": 60.49828958432369, "equity": 0.3739421351650384}, "K4s": {"win": 34.63956233836166, "loss": 61.374001352031485, "equity": 0.3652019970703397}, "K3s": {"win": 33.86579996137819, "loss": 62.22096981368628, "equity": 0.35709213983744287}, "K2s": {"win": 33.087335377075725, "loss": 63.0712609244626, "equity": 0.34894208868053184}, "AQo": {"win": 45.766737102722544, "loss": 51.999696326335695, "equity": 0.4681084213085986}, "KQo": {"win": 43.35816158719714, "loss": 54.38899390143809, "equity": 0.4439081340190405}, "QQ": {"win": 64.66281007286757, "loss": 34.69781475463071, "equity": 0.6492820556455067}, "QJs": {"win": 43.03841819170354, "loss": 54.45917659155148, "equity": 0.441789328978325}, "QTs": {"win": 41.85144353763237, "loss": 55.40962809369539, "equity": 0.43108933750151546}, "Q9s": {"win": 39.269724124169656, "loss": 57.75904256154317, "equity": 0.406396702631236}, "Q8s": {"win": 37.036165060045086, "loss": 59.72908952948069, "equity": 0.3853525631329523}, "Q7s": {"win": 34.8361196536575, "loss": 61.6579550251832, "equity": 0.36468483974609983}, "Q6s": {"win": 33.966150559077555, "loss": 62.28649772737182, "equity": 0.3571816981599234}, "Q5s": {"win": 33.03475191472087, "loss": 63.06573299786822, "equity": 0.34857092715111904}, "Q4s": {"win": 32.19767170194972, "loss": 63.921478203650565, "equity": 0.3400981123667325}, "Q3s": {"win": 31.4378178797815, "loss": 64.75869336197384, "equity": 0.3321064244847882}, "Q2s": {"win": 30.68013220425627, "loss": 65.59211532241468, "equity": 0.3241448269114266}, "AJo": {"win": 44.31582319464445, "loss": 53.16283843022637, "equity": 0.4550270040255054}, "KJo": {"win": 41.92440414567917, "loss": 55.54827348406402, "equity": 0.4309318561068695}, "QJo": {"win": 40.16962070605243, "loss": 57.24188203727665, "equity": 0.4135328458695705}, "JJ": {"win": 60.87008600995825, "loss": 38.423261297120355, "equity": 0.6116789018900147}, "JTs": {"win": 40.68970439923525, "loss": 56.5475581869107, "equity": 0.419490501580826}, "J9s": {"win": 38.102633902552775, "loss": 58.893383546213514, "equity": 0.39473250953127775}, "J8s": {"win": 35.91469952315352, "loss": 60.85699752631856, "equity": 0.37394626905980205}, "J7s": {"win": 33.75987419100372, "loss": 62.787468288798586, "equity": 0.35349637295116443}, "J6s": {"win": 31.68385338801203, "loss": 64.66717357885166, "equity": 0.3337004535711059}, "J5s": {"win": 30.96443358748948, "loss": 65.20300833886127, "equity": 0.3273719523543932}, "J4s": {"win": 30.154295894577935, "loss": 66.04398968424799, "equity": 0.31910724795324863}, "J3s": {"win": 29.41586465020601, "loss": 66.86167305257388, "equity": 0.31131997303289355}, "J2s": {"win": 28.67311187839069, "loss": 67.68500173853901, "equity": 0.3034835036207637}, "ATo": {"win": 42.9470797976931, "loss": 54.218977358168395, "equity": 0.44288852782178717}, "KTo": {"win": 40.61281970344758, "loss": 56.582285497565046, "equity": 0.4191916731161024}, "QTo": {"win": 38.89307133596356, "loss": 58.268317300345174, "equity": 0.4020059213269971}, "JTo": {"win": 37.72218306665014, "loss": 59.41990880375389, "equity": 0.39028798039917734}, "TT": {"win": 57.23811669617808, "loss": 41.97856748398509, "equity": 0.5757082331932697}, "T9s": {"win": 37.372522796330095, "loss": 59.591150554331506, "equity": 0.38747397540297507}, "T8s": {"win": 35.19981791187827, "loss": 61.54908720356349, "equity": 0.3667631873726268}, "T7s": {"win": 33.084675914873976, "loss": 63.47381805374631, "equity": 0.3465363428825885}, "T6s": {"win": 31.035237005605623, "loss": 65.36169775363507, "equity": 0.3268321723380511}, "T5s": {"win": 29.07161996077921, "loss": 67.18974641920467, "equity": 0.30781600180104673}, "T4s": {"win": 28.47349576882914, "loss": 67.77583751000785, "equity": 0.3018906939972298}, "T3s": {"win": 27.748295392051393, "loss": 68.58370422126747, "equity": 0.29421834319444584}, "T2s": {"win": 27.02286056103267, "loss": 69.3931860721225, "equity": 0.2865372291635644}, "A9o": {"win": 40.06471877964646, "loss": 56.74979450304413, "equity": 0.41579226172945183}, "K9o": {"win": 37.790480062747164, "loss": 59.1142091244418, "equity": 0.39238706571969045}, "Q9o": {"win": 36.11578771928017, "loss": 60.79380118917157, "equity": 0.3754535128669098}, "J9o": {"win": 34.93663802692715, "loss": 61.94583174213065, "equity": 0.36363188885363096}, "T9o": {"win": 34.21923946372291, "loss": 62.63537786150774, "equity": 0.35647096501519326}, "99": {"win": 53.271850390769245, "loss": 45.925420082296476, "equity": 0.5360566650789291}, "98s": {"win": 34.532174105852754, "loss": 62.25173176120286, "equity": 0.3597716073551005}, "97s": {"win": 32.545365499937546, "loss": 64.05917490039916, "equity": 0.3407482291612495}, "96s": {"win": 30.55280758411914, "loss": 65.91876254715591, "equity": 0.32146649522739457}, "95s": {"win": 28.59786082860559, "loss": 67.76170409721547, "equity": 0.30241838364227336}, "94s": {"win": 26.738416687752768, "loss": 69.65148613254414, "equity": 0.2836627441277471}, "93s": {"win": 26.211560136168142, "loss": 70.2115489127807, "equity": 0.278225410596696}, "92s": {"win": 25.501041621522052, "loss": 71.0107864099269, "equity": 0.2706709083329584}, "A8o": {"win": 38.75798085180454, "loss": 57.685529654909686, "equity": 0.40456252527225944}, "K8o": {"win": 35.32086504544196, "loss": 61.241888558554976, "equity": 0.3693744888086302}, "Q8o": {"win": 33.709871710931964, "loss": 62.91626418063502, "equity": 0.35278484697231327}, "J8o": {"win": 32.58353165980464, "loss": 64.05707182804682, "equity": 0.3412802833783289}, "T8o": {"win": 31.883079242856805, "loss": 64.73970885355547, "equity": 0.3342076553587794}, "98o": {"win": 31.21145247071284, "loss": 65.45612008252758, "equity": 0.32711506481544306}, "88": {"win": 49.604256764582715, "loss": 49.54800398091317, "equity": 0.49951596582152213}, "87s": {"win": 32.28379056592636, "loss": 64.34529751222831, "equity": 0.33789013609573254},