{"AA": {"win": 73.20521442706146, "loss": 26.22873435088674, "equity": 0.734353101972976}, "AKs": {"win": 49.83727964573013, "loss": 48.24132305931441, "equity": 0.5072375234464774}, "AQs": {"win": 48.41512722041884, "loss": 49.43408251090453, "equity": 0.4941573340441613}, "AJs": {"win": 47.061910578370295, "loss": 50.51435650035874, "equity": 0.48197753794584836}, "ATs": {"win": 45.78757581334154, "loss": 51.49349420868585, "equity": 0.47069541481923716}, "A9s": {"win": 43.10930402701609, "loss": 53.84506838943724, "equity": 0.44551718898691356}, "A8s": {"win": 41.898976917262395, "loss": 54.705576999289605, "equity": 0.43514530425463754}, "A7s": {"win": 40.62555824654492, "loss": 55.68244731228418, "equity": 0.4238727883973605}, "A6s": {"win": 39.30196338661845, "loss": 56.80829528922412, "equity": 0.41160496413626324}, "A5s": {"win": 39.45955146794989, "loss": 56.408197300182664, "equity": 0.41434260813764007}, "A4s": {"win": 38.54462388187927, "loss": 57.31446080905256, "equity": 0.40522783261566736}, "A3s": {"win": 37.725643756823246, "loss": 58.20169201645463, "equity": 0.39669068926841833}, "A2s": {"win": 36.85781960974555, "loss": 59.1370083885039, "equity": 0.38766888460946075}, "AKo": {"win": 47.28669270850764, "loss": 50.71872741651776, "equity": 0.48211686511273444}, "KK": {"win": 68.63322289333426, "loss": 30.784779295601925, "equity": 0.6886944622093355}, "KQs": {"win": 46.09333800559336, "loss": 51.7296965545947, "equity": 0.4708725408561794}, "KJs": {"win": 44.7552694683947, "loss": 52.80735330676547, "equity": 0.4587818403439963}, "KTs": {"win": 43.533974081822464, "loss": 53.76625689839226, "equity": 0.4478676135577991}, "K9s": {"win": 40.91354398831705, "loss": 56.1176758882181, "equity": 0.4229765970991571}, "K8s": {"win": 38.616174328977706, "loss": 58.09717118053685, "equity": 0.4015670881037339}, "K7s": {"win": 37.57420556943466, "loss": 58.8288255409839, "equity": 0.392683281730189}, "K6s": {"win": 36.47725495644662, "loss": 59.70567872908696, "equity": 0.3827981634189625}, "K5s": {"win": 35.51110710842658, "loss": 60.497368272108574, "equity": 0.3739521028446987}, "K4s": {"win": 34.63973330305803, "loss": 61.374567740429534, "equity": 0.36520030808154774}, "K3s": {"win": 33.8639050420273, "loss": 62.22275953724745, "equity": 0.35707396691267135}, "K2s": {"win": 33.087176989411425, "loss": 63.071452910881796, "equity": 0.34894059703118047}, "AQo": {"win": 45.76557850685435, "loss": 52.000741674988696, "equity": 0.4680974486702462}, "KQo": {"win": 43.3580943950811, "loss": 54.3891204292061, "equity": 0.4439072087911002}, "QQ": {"win": 64.6628905215083, "loss": 34.69796070849476, "equity": 0.6492819714860449}, "QJs": {"win": 43.039416124408866, "loss": 54.458394025087614, "equity": 0.44179798093344425}, "QTs": {"win": 41.85183947475222, "loss": 55.40948368063311, "equity": 0.4310918495326804}, "Q9s": {"win": 39.271890124639675, "loss": 57.75691168464506, "equity": 0.4064179167994388}, "Q8s": {"win": 37.03636775285645, "loss": 59.7288908414014, "equity": 0.38535457255374034}, "Q7s": {"win": 34.83665452290063, "loss": 61.65710053330689, "equity": 0.36469185937181064}, "Q6s": {"win": 33.966030647480004, "loss": 62.286348176196064, "equity": 0.35718137063262845}, "Q5s": {"win": 33.03369059954495, "loss": 63.067335465150556, "equity": 0.3485578383997419}, "Q4s": {"win": 32.19561844305447, "loss": 63.924267658993216, "equity": 0.34007382576515033}, "Q3s": {"win": 31.43797940168348, "loss": 64.75806902263355, "equity": 0.33211031566658533}, "Q2s": {"win": 30.679846775426007, "loss": 65.5921709664544, "equity": 0.3241427396294591}, "AJo": {"win": 44.31530152255887, "loss": 53.16344445501704, "equity": 0.4550213456870756}, "KJo": {"win": 41.92371010095714, "loss": 55.54893092169996, "equity": 0.4309252198950577}, "QJo": {"win": 40.16849074886256, "loss": 57.242802166280796, "equity": 0.413522575358915}, "JJ": {"win": 60.869645632908814, "loss": 38.42370695589253, "equity": 0.6116746132448722}, "JTs": {"win": 40.689927370222144, "loss": 56.547126213487104, "equity": 0.4194934939046398}, "J9s": {"win": 38.10189884366519, "loss": 58.89426077550286, "equity": 0.39472452257114293}, "J8s": {"win": 35.91496628236117, "loss": 60.85722907824397, "equity": 0.3739464011018421}, "J7s": {"win": 33.76051341287965, "loss": 62.7866177747821, "equity": 0.3535042581544219}, "J6s": {"win": 31.68403785263216, "loss": 64.66593429804209, "equity": 0.3337074023507507}, "J5s": {"win": 30.963340744991772, "loss": 65.20383083784957, "equity": 0.3273622533049133}, "J4s": {"win": 30.15582658869574, "loss": 66.04209507951029, "equity": 0.3191243293270368}, "J3s": {"win": 29.415027327705687, "loss": 66.86273972267875, "equity": 0.3113107105067528}, "J2s": {"win": 28.67362679167415, "loss": 67.68403257122584, "equity": 0.30349082662845156}, "ATo": {"win": 42.94764676479995, "loss": 54.21826772865216, "equity": 0.44289494888015435}, "KTo": {"win": 40.61284238492247, "loss": 56.58207281426672, "equity": 0.4191928534059031}, "QTo": {"win": 38.89344143596182, "loss": 58.26760066093884, "equity": 0.40201143149364343}, "JTo": {"win": 37.72226829924762, "loss": 59.420199541973275, "equity": 0.39028723731867965}, "TT": {"win": 57.23887577530212, "loss": 41.97791808909687, "equity": 0.5757155151732904}, "T9s": {"win": 37.37229993724504, "loss": 59.59123843952741, "equity": 0.387472292893712}, "T8s": {"win": 35.19954853026638, "loss": 61.54886356556743, "equity": 0.3667629610147021}, "T7s": {"win": 33.085906361961094, "loss": 63.472802020840206, "equity": 0.34654742489572854}, "T6s": {"win": 31.036929967422775, "loss": 65.36052619700702, "equity": 0.326846233119792}, "T5s": {"win": 29.0718934116694, "loss": 67.1886914609202, "equity": 0.3078220482219718}, "T4s": {"win": 28.472949213098104, "loss": 67.77544564370244, "equity": 0.30188904965425534}, "T3s": {"win": 27.748528220774322, "loss": 68.58365262309697, "equity": 0.29421958728517433}, "T2s": {"win": 27.022412814878567, "loss": 69.3937647679521, "equity": 0.2865320328476647}, "A9o": {"win": 40.06483475559111, "loss": 56.74969287131538, "equity": 0.4157935751304598}, "K9o": {"win": 37.79105925943794, "loss": 59.113645146419515, "equity": 0.39239300803569377}, "Q9o": {"win": 36.115326898847606, "loss": 60.79453570315647, "equity": 0.37544754415923337}, "J9o": {"win": 34.93603985214725, "loss": 61.94639800678011, "equity": 0.3636261040838547}, "T9o": {"win": 34.219671673615615, "loss": 62.63485783593064, "equity": 0.3564755528298093}, "99": {"win": 53.272023428796835, "loss": 45.92527485807327, "equity": 0.5360584742320335}, "98s": {"win": 34.53231970750874, "loss": 62.25116449013766, "equity": 0.3597749495312575}, "97s": {"win": 32.54394095615135, "loss": 64.06042805360133, "equity": 0.34073470765494024}, "96s": {"win": 30.552517394662015, "loss": 65.91826089378617, "equity": 0.3214669360962615}, "95s": {"win": 28.59845050012821, "loss": 67.76039288055998, "equity": 0.30242787335274257}, "94s": {"win": 26.73882837463723, "loss": 69.65126842131464, "equity": 0.283665600592029}, "93s": {"win": 26.211641919400122, "loss": 70.21159205266545, "equity": 0.27822614176766086}, "92s": {"win": 25.501496558629867, "loss": 71.01012737843708, "equity": 0.27067635702298265}, "A8o": {"win": 38.75775972415052, "loss": 57.68547480437113, "equity": 0.4045616925229528}, "K8o": {"win": 35.32076110988125, "loss": 61.24222385489861, "equity": 0.36937241153611183}, "Q8o": {"win": 33.71056196556991, "loss": 62.915545623055735, "equity": 0.35279187092077835}, "J8o": {"win": 32.58323434483086, "loss": 64.05767972971456, "equity": 0.3412759356411108}, "T8o": {"win": 31.882544853270552, "loss": 64.74008720296783, "equity": 0.3342030300492245}, "98o": {"win": 31.211627611969607, "loss": 65.45579683006653, "equity": 0.32711731806392763}, "88": {"win": 49.603572511550034, "loss": 49.54879110627263, "equity": 0.49950861967686416}, "87s": {"win": 32.28530755559117, "loss": 64.3435480952187, "equity": 0.33790605074047236},