{"AA": {"win": 73.20468178854692, "loss": 26.22925807861066, "equity": 0.7343477892221272}, "AKs": {"win": 49.83813545313317, "loss": 48.24053079450115, "equity": 0.5072458192849638}, "AQs": {"win": 48.415358404046586, "loss": 49.43386851214423, "equity": 0.49415978740492983}, "AJs": {"win": 47.062841261365676, "loss": 50.51339074463932, "equity": 0.48198726789991725}, "ATs": {"win": 45.786248077262876, "loss": 51.494805782503846, "equity": 0.47068220019155843}, "A9s": {"win": 43.108515799956955, "loss": 53.84624835974471, "equity": 0.44550715423124837}, "A8s": {"win": 41.89877579699059, "loss": 54.70606180404044, "equity": 0.4351422019652823}, "A7s": {"win": 40.62609407211984, "loss": 55.681668101741074, "equity": 0.4238794048233596}, "A6s": {"win": 39.301477045539755, "loss": 56.80774617174011, "equity": 0.41160523967417545}, "A5s": {"win": 39.45922052172733, "loss": 56.40904717435101, "equity": 0.41433692870080435}, "A4s": {"win": 38.54504656675288, "loss": 57.314367845506375, "equity": 0.405230812294343}, "A3s": {"win": 37.725619531878266, "loss": 58.201791997255256, "equity": 0.3966901719491423}, "A2s": {"win": 36.85696673647968, "loss": 59.13827016584067, "equity": 0.38765779708682174}, "AKo": {"win": 47.287667338563516, "loss": 50.7175733153506, "equity": 0.48212739362476653}, "KK": {"win": 68.63195727997878, "loss": 30.785947418482483, "equity": 0.6886823115973526}, "KQs": {"win": 46.09372154628712, "loss": 51.729350227561355, "equity": 0.4708765209513119}, "KJs": {"win": 44.7550117370437, "loss": 52.80764986429588, "equity": 0.45877860955120603}, "KTs": {"win": 43.5339650274096, "loss": 53.76672795029782, "equity": 0.44786560343173976}, "K9s": {"win": 40.91381026157792, "loss": 56.117283884419855, "equity": 0.4229802073563343}, "K8s": {"win": 38.61423079151306, "loss": 58.09900049021372, "equity": 0.40154847403171884}, "K7s": {"win": 37.57336648792184, "loss": 58.83001955716779, "equity": 0.3926731682376491}, "K6s": {"win": 36.47771151577005, "loss": 59.70504983011569, "equity": 0.3828035395935174}, "K5s": {"win": 35.50979204162277, "loss": 60.49846606749792, "equity": 0.37394002271064847}, "K4s": {"win": 34.639393338922204, "loss": 61.374094897305945, "equity": 0.3652006052835281}, "K3s": {"win": 33.865928323654884, "loss": 62.220749762710994, "equity": 0.3570938773877094}, "K2s": {"win": 33.08753499776618, "loss": 63.07109455131792, "equity": 0.34894400990185703}, "AQo": {"win": 45.7669697986529, "loss": 51.99941367053667, "equity": 0.4681109490270034}, "KQo": {"win": 43.35803144406288, "loss": 54.38918010243078, "equity": 0.4439065816631718}, "QQ": {"win": 64.66275908586819, "loss": 34.69786716612491, "equity": 0.6492815365116031}, "QJs": {"win": 43.038624724135545, "loss": 54.459089215220686, "equity": 0.4417907688814862}, "QTs": {"win": 41.85161565473216, "loss": 55.40952751637089, "equity": 0.4310906948769013}, "Q9s": {"win": 39.270179208280126, "loss": 57.75864199941957, "equity": 0.40640101393238837}, "Q8s": {"win": 37.035793411383224, "loss": 59.72954403958563, "equity": 0.3853483814007639}, "Q7s": {"win": 34.83638987072359, "loss": 61.65758982656589, "equity": 0.36468796120187436}, "Q6s": {"win": 33.9665041683349, "loss": 62.286173793212875, "equity": 0.35718502150484654}, "Q5s": {"win": 33.034490053205225, "loss": 63.06600998631913, "equity": 0.3485682427228996}, "Q4s": {"win": 32.197374734674106, "loss": 63.92176290307852, "equity": 0.34009530738525173}, "Q3s": {"win": 31.437847316349814, "loss": 64.7586868104117, "equity": 0.3321067721959714}, "Q2s": {"win": 30.680289961173248, "loss": 65.59214259318678, "equity": 0.32414551740080116}, "AJo": {"win": 44.315965584281635, "loss": 53.16270909575567, "equity": 0.45502832679229743}, "KJo": {"win": 41.92442387614495, "loss": 55.548332607597324, "equity": 0.4309316836333036}, "QJo": {"win": 40.169358566157086, "loss": 57.24213797036584, "equity": 0.41353029539498387}, "JJ": {"win": 60.86979819114427, "loss": 38.4236112187741, "equity": 0.6116757812965409}, "JTs": {"win": 40.68979624636422, "loss": 56.54752456645919, "equity": 0.41949111802524297}, "J9s": {"win": 38.102792374584254, "loss": 58.89331259200619, "equity": 0.3947337125853474}, "J8s": {"win": 35.914707828526076, "loss": 60.85721589805576, "equity": 0.37394531821969806}, "J7s": {"win": 33.759793398886316, "loss": 62.787580343143425, "equity": 0.3534955975610056}, "J6s": {"win": 31.684011048070865, "loss": 64.66695085224802, "equity": 0.3337024229786042}, "J5s": {"win": 30.964363839505495, "loss": 65.20307491476187, "equity": 0.3273713829847283}, "J4s": {"win": 30.154505675770903, "loss": 66.04388409399522, "equity": 0.3191089369541593}, "J3s": {"win": 29.4154762493708, "loss": 66.8620258477896, "equity": 0.31131623555867827}, "J2s": {"win": 28.673359683845014, "loss": 67.68458331706395, "equity": 0.30348677152429415}, "ATo": {"win": 42.947138402961336, "loss": 54.21896305530215, "equity": 0.44288890515828977}, "KTo": {"win": 40.612892792507445, "loss": 56.58216916510052, "equity": 0.4191926354787621}, "QTo": {"win": 38.89294566366186, "loss": 58.26828858074564, "equity": 0.40200535945059296}, "JTo": {"win": 37.722094797926985, "loss": 59.41993845594385, "equity": 0.390287398703605}, "TT": {"win": 57.238314551271856, "loss": 41.97838608933437, "equity": 0.5757101334671091}, "T9s": {"win": 37.37273591734958, "loss": 59.59103834859954, "equity": 0.3874757695197008}, "T8s": {"win": 35.199689009112724, "loss": 61.548973174419444, "equity": 0.3667630224422213}, "T7s": {"win": 33.085072247657635, "loss": 63.4736274458229, "equity": 0.34653930665539384}, "T6s": {"win": 31.035127740614225, "loss": 65.3620847480656, "equity": 0.32682974109676044}, "T5s": {"win": 29.071705520356424, "loss": 67.18970218372247, "equity": 0.3078167019838059}, "T4s": {"win": 28.473336808065014, "loss": 67.77580647747541, "equity": 0.3018899801231177}, "T3s": {"win": 27.74828371391089, "loss": 68.5839498181059, "equity": 0.2942171646354306}, "T2s": {"win": 27.022289892239552, "loss": 69.39390042716664, "equity": 0.2865308637952409}, "A9o": {"win": 40.064997817923555, "loss": 56.74962252207642, "equity": 0.4157945908898019}, "K9o": {"win": 37.79041986230921, "loss": 59.11426255209219, "equity": 0.39238655831145747}, "Q9o": {"win": 36.11561291998637, "loss": 60.79396932165528, "equity": 0.37545171805472805}, "J9o": {"win": 34.93692081441953, "loss": 61.945511961492706, "equity": 0.3636349054122775}, "T9o": {"win": 34.219463755074315, "loss": 62.63527828239395, "equity": 0.35647271525855195}, "99": {"win": 53.27194644955573, "loss": 45.92539182298672, "equity": 0.5360573691177273}, "98s": {"win": 34.53244812411609, "loss": 62.25126988340988, "equity": 0.3597752828041194}, "97s": {"win": 32.54558589714212, "loss": 64.05894313773823, "equity": 0.34075043662317794}, "96s": {"win": 30.552429391475687, "loss": 65.9190071143441, "equity": 0.3214633495148961}, "95s": {"win": 28.598226177040324, "loss": 67.76093093375283, "equity": 0.3024239637048577}, "94s": {"win": 26.738105284788055, "loss": 69.65171710693298, "equity": 0.2836598266908476}, "93s": {"win": 26.211900247834073, "loss": 70.21112119200443, "equity": 0.27822935208345545}, "92s": {"win": 25.501242653399775, "loss": 71.01048586257278, "equity": 0.2706732812977047}, "A8o": {"win": 38.75796599819675, "loss": 57.6855250378699, "equity": 0.4045625064054629}, "K8o": {"win": 35.3208465108637, "loss": 61.24200352538914, "equity": 0.3693738277653377}, "Q8o": {"win": 33.70993229191915, "loss": 62.91631767024341, "equity": 0.3527848636895793}, "J8o": {"win": 32.583509010034554, "loss": 64.05699440644189, "equity": 0.34128055070384966}, "T8o": {"win": 31.882928407724258, "loss": 64.73988952408367, "equity": 0.3342059896144196}, "98o": {"win": 31.21130316713549, "loss": 65.45633472767302, "equity": 0.327113216002498}, "88": {"win": 49.60379558123455, "loss": 49.54853234309797, "equity": 0.4995110711544739}, "87s": {"win": 32.2838247920752, "loss": 64.34524926256123, "equity": 0.33789040189785297},