{"AA": {"win": 63.606754615827654, "loss": 35.82018961874068, "equity": 0.6382954500110366}, "AKs": {"win": 40.53417266974008, "loss": 57.483473494939204, "equity": 0.4142914652760185}, "AQs": {"win": 38.820794734113974, "loss": 58.91722075000822, "equity": 0.3985300726320261}, "AJs": {"win": 37.27837185840271, "loss": 60.16274586735962, "equity": 0.3845573147496093}, "ATs": {"win": 35.89556706698933, "loss": 61.24655129867488, "equity": 0.37218942072544503}, "A9s": {"win": 33.0611133769646, "loss": 63.823689970270586, "equity": 0.3450831514134693}, "A8s": {"win": 31.869288129153958, "loss": 64.6958823444891, "equity": 0.33473273841289214}, "A7s": {"win": 30.682394006714937, "loss": 65.63770783725987, "equity": 0.3240615034148711}, "A6s": {"win": 29.49748472949801, "loss": 66.6864816637283, "equity": 0.3128736316380104}, "A5s": {"win": 29.850683410739578, "loss": 66.11993926819187, "equity": 0.3174085646528962}, "A4s": {"win": 29.099470587556684, "loss": 66.91601300687827, "equity": 0.3096708601646925}, "A3s": {"win": 28.41518673126043, "loss": 67.70304279968748, "equity": 0.30231490352858487}, "A2s": {"win": 27.668013557893406, "loss": 68.55119472922367, "equity": 0.29433798939360983}, "AKo": {"win": 37.60521795358078, "loss": 60.33478672247344, "equity": 0.3854009903398011}, "KK": {"win": 58.00968156098334, "loss": 41.39418167729269, "equity": 0.5824151331534896}, "KQs": {"win": 37.21460700115202, "loss": 60.59236680158685, "equity": 0.3819513205682843}, "KJs": {"win": 35.70789234300585, "loss": 61.82348782860214, "equity": 0.36822981479283645}, "KTs": {"win": 34.390571550745406, "loss": 62.879450370261004, "equity": 0.356335276040127}, "K9s": {"win": 31.618709477274226, "loss": 65.47293217417638, "equity": 0.32946409891459694}, "K8s": {"win": 29.32756690904415, "loss": 67.51064069462123, "equity": 0.30778221438261416}, "K7s": {"win": 28.3492457087374, "loss": 68.22485490418713, "equity": 0.29929560336770694}, "K6s": {"win": 27.375472162740763, "loss": 69.03515193847038, "equity": 0.2903577044882025}, "K5s": {"win": 26.542834058736737, "loss": 69.7439600047255, "equity": 0.2825848340512062}, "K4s": {"win": 25.849377440501012, "loss": 70.49683875412153, "equity": 0.27535179605546045}, "K3s": {"win": 25.232787720260454, "loss": 71.22189687238567, "equity": 0.2686449448494566}, "K2s": {"win": 24.625101103145763, "loss": 71.93556427183846, "equity": 0.2620392219076497}, "AQo": {"win": 35.757401995702224, "loss": 61.88960499188784, "equity": 0.3683626870358955}, "KQo": {"win": 34.15163776572905, "loss": 63.5771688534331, "equity": 0.3517132613700884}, "QQ": {"win": 53.24196127245064, "loss": 46.08349372990978, "equity": 0.5351303456499761}, "QJs": {"win": 34.55144870061917, "loss": 62.96283024299323, "equity": 0.3566369844826628}, "QTs": {"win": 33.28530904670954, "loss": 63.99993704968502, "equity": 0.3450950073253061}, "Q9s": {"win": 30.56467138303154, "loss": 66.58792383014264, "equity": 0.31850713356282945}, "Q8s": {"win": 28.336513180748067, "loss": 68.62849601243576, "equity": 0.29712989399984285}, "Q7s": {"win": 26.230613159009774, "loss": 70.53774508235453, "equity": 0.2770255239112227}, "Q6s": {"win": 25.437051869778994, "loss": 71.1349905312249, "equity": 0.2700574793957348}, "Q5s": {"win": 24.643392923862734, "loss": 71.8281091127811, "equity": 0.26255845242878734}, "Q4s": {"win": 23.981405441827395, "loss": 72.56179806333807, "equity": 0.2555803356737601}, "Q3s": {"win": 23.381311259160082, "loss": 73.27568263775926, "equity": 0.24901201957556998}, "Q2s": {"win": 22.793918889881024, "loss": 73.97518915124972, "equity": 0.24257880980711413}, "AJo": {"win": 34.08964784311826, "loss": 63.244446497629774, "equity": 0.3532167193334097}, "KJo": {"win": 32.52212064489048, "loss": 64.9157772582952, "equity": 0.3368412898885991}, "QJo": {"win": 31.395588340578986, "loss": 66.03063711107863, "equity": 0.32551477838213044}, "JJ": {"win": 48.865350993488775, "loss": 50.377944026823066, "equity": 0.49175790192806423}, "JTs": {"win": 32.63506170154882, "loss": 64.64256801950013, "equity": 0.3385740740510839}, "J9s": {"win": 29.9417275014168, "loss": 67.21376845990343, "equity": 0.3121665836669391}, "J8s": {"win": 27.765164772931985, "loss": 69.24475859553169, "equity": 0.29109788486884597}, "J7s": {"win": 25.691999444800356, "loss": 71.17544906071777, "equity": 0.2710543297026717}, "J6s": {"win": 23.754705292234103, "loss": 72.98081299157916, "equity": 0.25232198140201595}, "J5s": {"win": 23.115397397691595, "loss": 73.47444283521463, "equity": 0.2465937338251667}, "J4s": {"win": 22.47783205872205, "loss": 74.19397774522793, "equity": 0.23980835037888468}, "J3s": {"win": 21.896040212806813, "loss": 74.89299622943727, "equity": 0.23340627253766166}, "J2s": {"win": 21.32371085521221, "loss": 75.5831292806968, "equity": 0.22709610621083867}, "ATo": {"win": 32.59246843348995, "loss": 64.42524940935266, "equity": 0.3397920676310225}, "KTo": {"win": 31.094860654846713, "loss": 66.06592551220871, "equity": 0.3239249591149482}, "QTo": {"win": 30.022363648528653, "loss": 67.16156126452991, "equity": 0.31296857876940964}, "JTo": {"win": 29.421068205012823, "loss": 67.76058660085695, "equity": 0.30690901836382495}, "TT": {"win": 44.853670686829894, "loss": 54.30557054029468, "equity": 0.4520267063423829}, "T9s": {"win": 29.672370509546113, "loss": 67.45542082469377, "equity": 0.30955782164260504}, "T8s": {"win": 27.528135479148062, "loss": 69.47149923042423, "equity": 0.2887113327249671}, "T7s": {"win": 25.49246231252076, "loss": 71.39883986641298, "equity": 0.2688726706301564}, "T6s": {"win": 23.564676350017926, "loss": 73.23555389978452, "equity": 0.25003455003796254}, "T5s": {"win": 21.771462022737495, "loss": 74.94167274052843, "equity": 0.23246937062461837}, "T4s": {"win": 21.274468667681703, "loss": 75.46445350635871, "equity": 0.22737159498959955}, "T3s": {"win": 20.706822578733068, "loss": 76.15391966452755, "equity": 0.22108791864410557}, "T2s": {"win": 20.150234356305923, "loss": 76.83333966283415, "equity": 0.21491026649836306}, "A9o": {"win": 29.527377686464614, "loss": 67.21178813357369, "equity": 0.31048254774252637}, "K9o": {"win": 28.091839723245066, "loss": 68.87479616455842, "equity": 0.2948184673570811}, "Q9o": {"win": 27.077441258099363, "loss": 69.95940295057666, "equity": 0.28420714699112265}, "J9o": {"win": 26.50596358167314, "loss": 70.54074327599282, "equity": 0.2783427234696706}, "T9o": {"win": 26.29921251297698, "loss": 70.72337457254471, "equity": 0.2763399316686319}, "99": {"win": 40.81854742622749, "loss": 58.37264781859806, "equity": 0.41142798804732905}, "98s": {"win": 27.171390608696875, "loss": 69.9237525565685, "equity": 0.28462266631039534}, "97s": {"win": 25.31843439057096, "loss": 71.68149842479957, "equity": 0.26653684980335884}, "96s": {"win": 23.4514579319287, "loss": 73.4830556996711, "equity": 0.24817990464173928}, "95s": {"win": 21.65188392570169, "loss": 75.22523044453516, "equity": 0.23040423422204537}, "94s": {"win": 20.002015465534384, "loss": 76.95074963643573, "equity": 0.21352316217599202}, "93s": {"win": 19.563725863459123, "loss": 77.45158269608443, "equity": 0.20882952967456553}, "92s": {"win": 19.02210042242097, "loss": 78.12118454158815, "equity": 0.20277603121221646}, "A8o": {"win": 28.230305504984237, "loss": 68.17053500260586, "equity": 0.2991719329422719}, "K8o": {"win": 25.619454897633503, "loss": 71.07385997785417, "equity": 0.2714216969047666}, "Q8o": {"win": 24.66527789224318, "loss": 72.1686438705967, "equity": 0.2610657444649944}, "J8o": {"win": 24.15074289204343, "loss": 72.73694317396101, "equity": 0.2555530037247258}, "T8o": {"win": 23.979885067017015, "loss": 72.90243380231999, "equity": 0.2538004723663905}, "98o": {"win": 23.653913026270978, "loss": 73.33933693159798, "equity": 0.2499372219950694}, "88": {"win": 37.267804298759486, "loss": 61.907351105966164, "equity": 0.3759259128417455}, "87s": {"win": 25.3144097449543, "loss": 71.72063190119914, "equity": 0.266296229288803},