{"AA": {"win": 63.606902908069216, "loss": 35.820044262612655, "equity": 0.6382969041575839}, "AKs": {"win": 40.534486917217215, "loss": 57.48322393056644, "equity": 0.4142942601729564}, "AQs": {"win": 38.82033537036284, "loss": 58.91764799654961, "equity": 0.3985255992156071}, "AJs": {"win": 37.27834634870031, "loss": 60.16287095283851, "equity": 0.3845565154279225}, "ATs": {"win": 35.895333474765444, "loss": 61.246611358332665, "equity": 0.37218785116468456}, "A9s": {"win": 33.060783275187895, "loss": 63.82409403769773, "equity": 0.3450795077264648}, "A8s": {"win": 31.869485566610983, "loss": 64.69559389631291, "equity": 0.33473512424632057}, "A7s": {"win": 30.682228086859133, "loss": 65.63771447819012, "equity": 0.32406046193258603}, "A6s": {"win": 29.49713467653202, "loss": 66.68687900136858, "equity": 0.3128698311504619}, "A5s": {"win": 29.850750790234766, "loss": 66.1201847756219, "equity": 0.3174078680115258}, "A4s": {"win": 29.099444217058423, "loss": 66.91616078782272, "equity": 0.3096702050381682}, "A3s": {"win": 28.415724938562608, "loss": 67.70244142557573, "equity": 0.3023206403632004}, "A2s": {"win": 27.66825576848687, "loss": 68.5509370884213, "equity": 0.29434046657286617}, "AKo": {"win": 37.60511990956179, "loss": 60.334914486852995, "equity": 0.3853999056656791}, "KK": {"win": 58.00968271642578, "loss": 41.394146406969035, "equity": 0.5824152546122401}, "KQs": {"win": 37.21492026215464, "loss": 60.592113577998525, "equity": 0.3819542108490437}, "KJs": {"win": 35.70788420052603, "loss": 61.82340958651479, "equity": 0.3682301280445957}, "KTs": {"win": 34.39103483105181, "loss": 62.87888869646877, "equity": 0.3563404865678278}, "K9s": {"win": 31.618488135615234, "loss": 65.47314583585674, "equity": 0.3294619411805634}, "K8s": {"win": 29.327313386370733, "loss": 67.51098962877664, "equity": 0.307779198699703}, "K7s": {"win": 28.34927242367457, "loss": 68.2247083564725, "equity": 0.29929645385357145}, "K6s": {"win": 27.375555109459306, "loss": 69.03520691999746, "equity": 0.2903577617463433}, "K5s": {"win": 26.542953192034616, "loss": 69.74387117803349, "equity": 0.28258589124164507}, "K4s": {"win": 25.849286552989394, "loss": 70.49697514040653, "equity": 0.27535065125704167}, "K3s": {"win": 25.232846907452466, "loss": 71.2220097697388, "equity": 0.26864464709319663}, "K2s": {"win": 24.624945081792298, "loss": 71.93571201085959, "equity": 0.2620376259160712}, "AQo": {"win": 35.75712509511852, "loss": 61.88986321073356, "equity": 0.3683601195755426}, "KQo": {"win": 34.15181717634992, "loss": 63.576964785876136, "equity": 0.3517151648551529}, "QQ": {"win": 53.24201933994205, "loss": 46.08337656987487, "equity": 0.5351311956565261}, "QJs": {"win": 34.55130436728667, "loss": 62.96289084865726, "equity": 0.35663606234685363}, "QTs": {"win": 33.28526604455479, "loss": 63.99990847794867, "equity": 0.34509505424663695}, "Q9s": {"win": 30.564182699144602, "loss": 66.58836911934269, "equity": 0.31850236858539266}, "Q8s": {"win": 28.336850367670205, "loss": 68.62811531416561, "equity": 0.2971334580526684}, "Q7s": {"win": 26.230681474883305, "loss": 70.53779939840476, "equity": 0.2770255104435932}, "Q6s": {"win": 25.436873322269882, "loss": 71.13509359741991, "equity": 0.27005616099230734}, "Q5s": {"win": 24.643489258395004, "loss": 71.82821041415242, "equity": 0.2625584149346295}, "Q4s": {"win": 23.981729137802166, "loss": 72.56150791337541, "equity": 0.25558325096137663}, "Q3s": {"win": 23.381266461229988, "loss": 73.27564730734724, "equity": 0.2490118408222486}, "Q2s": {"win": 22.794169084866965, "loss": 73.97478281389519, "equity": 0.24258206201946755}, "AJo": {"win": 34.08957914845355, "loss": 63.244524537824105, "equity": 0.35321605304990483}, "KJo": {"win": 32.52212750190981, "loss": 64.91567667171448, "equity": 0.33684180932405716}, "QJo": {"win": 31.39582860877593, "loss": 66.03030274629592, "equity": 0.3255175291884842}, "JJ": {"win": 48.865677558371864, "loss": 50.37756439704808, "equity": 0.49176132727321653}, "JTs": {"win": 32.63513318576069, "loss": 64.64233273498866, "equity": 0.33857554027555586}, "J9s": {"win": 29.941619580856702, "loss": 67.21375549390257, "equity": 0.3121661323830869}, "J8s": {"win": 27.765125224251456, "loss": 69.24464263170628, "equity": 0.29109820223882166}, "J7s": {"win": 25.692310584061563, "loss": 71.17507041204217, "equity": 0.2710575234004638}, "J6s": {"win": 23.75486280075911, "loss": 72.9806610949415, "equity": 0.25232343174439587}, "J5s": {"win": 23.115372927707494, "loss": 73.4745506647933, "equity": 0.24659307152118842}, "J4s": {"win": 22.477690299376082, "loss": 74.19404498078096, "equity": 0.23980713697093375}, "J3s": {"win": 21.89647003072261, "loss": 74.89251563892637, "equity": 0.2334107697669245}, "J2s": {"win": 21.323597378907106, "loss": 75.58335531955616, "equity": 0.2270944480327383}, "ATo": {"win": 32.59235168637032, "loss": 64.42528587460657, "equity": 0.339791321716258}, "KTo": {"win": 31.094757035166072, "loss": 66.0660331284199, "equity": 0.32392390540336025}, "QTo": {"win": 30.022546319801016, "loss": 67.16146462894059, "equity": 0.3129700634715794}, "JTo": {"win": 29.421187636796244, "loss": 67.76047067761104, "equity": 0.3069101770804457}, "TT": {"win": 44.85366595287843, "loss": 54.305562522691325, "equity": 0.45202676445411105}, "T9s": {"win": 29.672072925655065, "loss": 67.4557081771574, "equity": 0.30955474329169}, "T8s": {"win": 27.528167087980677, "loss": 69.47163161958716, "equity": 0.2887109127732536}, "T7s": {"win": 25.492159048106135, "loss": 71.39897903345776, "equity": 0.268870416554814}, "T6s": {"win": 23.56451578306365, "loss": 73.23551514385261, "equity": 0.2500339180354947}, "T5s": {"win": 21.77115124603185, "loss": 74.94187763221491, "equity": 0.23246671630213755}, "T4s": {"win": 21.27494275092376, "loss": 75.46417784490963, "equity": 0.22737542034744757}, "T3s": {"win": 20.706520133785634, "loss": 76.15400578314598, "equity": 0.22108589691118113}, "T2s": {"win": 20.150539917495703, "loss": 76.83289451759556, "equity": 0.2149139292949166}, "A9o": {"win": 29.52729019963855, "loss": 67.21181864670638, "equity": 0.3104819306023311}, "K9o": {"win": 28.091727172505315, "loss": 68.87488978775491, "equity": 0.2948173905915169}, "Q9o": {"win": 27.07770494718862, "loss": 69.95912720589062, "equity": 0.284209915142561}, "J9o": {"win": 26.505766319403534, "loss": 70.5409789632923, "equity": 0.27834050955080647}, "T9o": {"win": 26.29896837763096, "loss": 70.72350423970079, "equity": 0.27633791534572827}, "99": {"win": 40.81849662884862, "loss": 58.37260348376851, "equity": 0.41142787470210995}, "98s": {"win": 27.171306192561637, "loss": 69.9239793195862, "equity": 0.28462090133097634}, "97s": {"win": 25.31821208145676, "loss": 71.6818515708374, "equity": 0.26653408257798406}, "96s": {"win": 23.45184041823427, "loss": 73.48281141278126, "equity": 0.2481831170020692}, "95s": {"win": 21.651461609630335, "loss": 75.22600233218557, "equity": 0.23039857989798163}, "94s": {"win": 20.002162280970783, "loss": 76.95065910327742, "equity": 0.21352454353848963}, "93s": {"win": 19.563193186659177, "loss": 77.45213476277048, "equity": 0.20882404157370338}, "92s": {"win": 19.0216844308607, "loss": 78.12174831711279, "equity": 0.2027712995637414}, "A8o": {"win": 28.230228057740714, "loss": 68.17060544128067, "equity": 0.2991711058087221}, "K8o": {"win": 25.61950630358872, "loss": 71.07367415013908, "equity": 0.2714228078365585}, "Q8o": {"win": 24.665098139680644, "loss": 72.16870672599644, "equity": 0.26106457399060884}, "J8o": {"win": 24.1506501997167, "loss": 72.73702460877219, "equity": 0.2555520081131493}, "T8o": {"win": 23.97996447911598, "loss": 72.90229046093107, "equity": 0.2538015961238165}, "98o": {"win": 23.65393884439669, "loss": 73.33920594398339, "equity": 0.24993798666700937}, "88": {"win": 37.267865857251095, "loss": 61.90722408215339, "equity": 0.3759268567219665}, "87s": {"win": 25.314631194561088, "loss": 71.72045393576153, "equity": 0.26629836884469144},