{"AA": {"win": 63.607120316798444, "loss": 35.81982754719322, "equity": 0.6382991127413034}, "AKs": {"win": 40.53297384650738, "loss": 57.484607721522295, "equity": 0.4142799413940272}, "AQs": {"win": 38.82000872062194, "loss": 58.91777775679421, "equity": 0.39852311101754395}, "AJs": {"win": 37.277727606877995, "loss": 60.16357466899026, "equity": 0.3845496438573717}, "ATs": {"win": 35.89560420597787, "loss": 61.246693959565306, "equity": 0.37218900319275483}, "A9s": {"win": 33.061748733662725, "loss": 63.8229687820057, "equity": 0.3450903243828891}, "A8s": {"win": 31.868747242291843, "loss": 64.69590144680367, "equity": 0.3347293314450576}, "A7s": {"win": 30.68193258466066, "loss": 65.6383922681377, "equity": 0.3240555816757213}, "A6s": {"win": 29.497531907771464, "loss": 66.68691017357783, "equity": 0.31287158781597696}, "A5s": {"win": 29.85063603877792, "loss": 66.11931241762943, "equity": 0.3174113937863638}, "A4s": {"win": 29.098786484955273, "loss": 66.91629784026375, "equity": 0.30966531392170826}, "A3s": {"win": 28.41489018115894, "loss": 67.70354232588282, "equity": 0.3023105979194031}, "A2s": {"win": 27.6686369896692, "loss": 68.5507735684746, "equity": 0.2943436594500578}, "AKo": {"win": 37.60418364034248, "loss": 60.336007940193106, "equity": 0.38538985164796974}, "KK": {"win": 58.01100065680641, "loss": 41.392980297185794, "equity": 0.5824277053095663}, "KQs": {"win": 37.21499897726161, "loss": 60.59186611723997, "equity": 0.3819553017748044}, "KJs": {"win": 35.70763312024828, "loss": 61.823601311684996, "equity": 0.3682285573824772}, "KTs": {"win": 34.39052660762982, "loss": 62.878962641732166, "equity": 0.35633675446411467}, "K9s": {"win": 31.617272967926663, "loss": 65.47456799447369, "equity": 0.3294481695065034}, "K8s": {"win": 29.32928141014872, "loss": 67.50894702649755, "equity": 0.3077989338333717}, "K7s": {"win": 28.350302937664715, "loss": 68.2235780582462, "equity": 0.29930737426932447}, "K6s": {"win": 27.375020640497862, "loss": 69.03595869966053, "equity": 0.29035197274032987}, "K5s": {"win": 26.544160458619082, "loss": 69.74279570422233, "equity": 0.28259731821691825}, "K4s": {"win": 25.849859162972127, "loss": 70.49643523444784, "equity": 0.2753565702710107}, "K3s": {"win": 25.231639796420183, "loss": 71.22269524479611, "equity": 0.26863547342584787}, "K2s": {"win": 24.625097708282013, "loss": 71.93574754973214, "equity": 0.26203852744095285}, "AQo": {"win": 35.756042353705794, "loss": 61.89089347046814, "equity": 0.36834952287912237}, "KQo": {"win": 34.15169673763675, "loss": 63.5772068712092, "equity": 0.3517133180948586}, "QQ": {"win": 53.242061949355936, "loss": 46.083621085933714, "equity": 0.5351306461175167}, "QJs": {"win": 34.55189304988825, "loss": 62.962250494976175, "equity": 0.35664169030958}, "QTs": {"win": 33.285979947382764, "loss": 63.9992746982314, "equity": 0.34510141001116873}, "Q9s": {"win": 30.566041114156132, "loss": 66.58620520628278, "equity": 0.3185220259273294}, "Q8s": {"win": 28.336898217103325, "loss": 68.62800786616907, "equity": 0.2971347181319999}, "Q7s": {"win": 26.23021814418703, "loss": 70.53798482330757, "equity": 0.27702246312849876}, "Q6s": {"win": 25.43692911245691, "loss": 71.13503433106833, "equity": 0.2700561234174059}, "Q5s": {"win": 24.643228048769075, "loss": 71.82871106885743, "equity": 0.2625547793061275}, "Q4s": {"win": 23.980511259447173, "loss": 72.56320534492927, "equity": 0.25556842854161543}, "Q3s": {"win": 23.380774913624688, "loss": 73.27596466632205, "equity": 0.24900767530195295}, "Q2s": {"win": 22.79281874646603, "loss": 73.97605823684226, "equity": 0.24256880967580574}, "AJo": {"win": 34.08889102622425, "loss": 63.24532831160574, "equity": 0.3532085871731876}, "KJo": {"win": 32.52146506252657, "loss": 64.91633456033216, "equity": 0.33683532903189284}, "QJo": {"win": 31.395146800215123, "loss": 66.03115651109097, "equity": 0.32550997468101933}, "JJ": {"win": 48.865100919230635, "loss": 50.37812466528772, "equity": 0.49175581090304554}, "JTs": {"win": 32.63440383042783, "loss": 64.64319808904197, "equity": 0.3385676524428379}, "J9s": {"win": 29.941318004262353, "loss": 67.21407363841641, "equity": 0.3121629021384718}, "J8s": {"win": 27.765868010170987, "loss": 69.24440082085665, "equity": 0.2911034850583431}, "J7s": {"win": 25.691904790835864, "loss": 71.17540516931199, "equity": 0.27105418357397104}, "J6s": {"win": 23.75468940539136, "loss": 72.98038873985347, "equity": 0.25232352585995854}, "J5s": {"win": 23.114479313972485, "loss": 73.47500645904172, "equity": 0.2465862216938829}, "J4s": {"win": 22.47882239505573, "loss": 74.19280492379102, "equity": 0.2398193467946205}, "J3s": {"win": 21.895562934672338, "loss": 74.89379953750527, "equity": 0.2334000826595625}, "J2s": {"win": 21.323894013604328, "loss": 75.58280532485472, "equity": 0.22709848815479702}, "ATo": {"win": 32.592487841918256, "loss": 64.4250641572231, "equity": 0.3397931335818904}, "KTo": {"win": 31.09439737534782, "loss": 66.0662745255328, "equity": 0.32392089968790716}, "QTo": {"win": 30.02251403147021, "loss": 67.16136252887735, "equity": 0.31297047839176984}, "JTo": {"win": 29.421503082539186, "loss": 67.76056507677689, "equity": 0.30691173335337113}, "TT": {"win": 44.85404295002885, "loss": 54.30516136729476, "equity": 0.4520309750715702}, "T9s": {"win": 29.67144351643129, "loss": 67.455658484589, "equity": 0.3095516845249758}, "T8s": {"win": 27.52849847467697, "loss": 69.47074382696496, "equity": 0.28871691083722983}, "T7s": {"win": 25.493283520059542, "loss": 71.39808809396085, "equity": 0.2688805970948948}, "T6s": {"win": 23.56549997362515, "loss": 73.23468967146124, "equity": 0.2500425116315348}, "T5s": {"win": 21.77121713951947, "loss": 74.94160997448061, "equity": 0.23246822759453567}, "T4s": {"win": 21.27417744713653, "loss": 75.4643870868528, "equity": 0.22736994653921594}, "T3s": {"win": 20.706957788273847, "loss": 76.15420467842553, "equity": 0.22108721741790507}, "T2s": {"win": 20.150203836715754, "loss": 76.83363004911536, "equity": 0.21490853619272174}, "A9o": {"win": 29.526993487841732, "loss": 67.21210754290414, "equity": 0.31047933973725983}, "K9o": {"win": 28.0923824137172, "loss": 68.8742237357773, "equity": 0.29482411437212575}, "Q9o": {"win": 27.07732175667207, "loss": 69.9598371528688, "equity": 0.2842044059399696}, "J9o": {"win": 26.505034886646477, "loss": 70.54172832538372, "equity": 0.2783330488240031}, "T9o": {"win": 26.299451188631938, "loss": 70.72309330263573, "equity": 0.2763422446884677}, "99": {"win": 40.81831171261651, "loss": 58.37297030173252, "equity": 0.4114255245093474}, "98s": {"win": 27.17115835726554, "loss": 69.92398130786857, "equity": 0.28462026275203}, "97s": {"win": 25.31664769067419, "loss": 71.68326655905483, "equity": 0.2665188217263112}, "96s": {"win": 23.451692836843595, "loss": 73.48210895809814, "equity": 0.2481846823022716}, "95s": {"win": 21.651767648869686, "loss": 75.22518232621879, "equity": 0.230404081960424}, "94s": {"win": 20.002141305492966, "loss": 76.95060298427858, "equity": 0.21352424916133095}, "93s": {"win": 19.56326487922747, "loss": 77.45207789126496, "equity": 0.2088249354176097}, "92s": {"win": 19.022737827820183, "loss": 78.12063146252551, "equity": 0.20278211697261844}, "A8o": {"win": 28.230095083353053, "loss": 68.17090984936046, "equity": 0.2991689715692539}, "K8o": {"win": 25.61914479409528, "loss": 71.0740586501674, "equity": 0.2714191718721397}, "Q8o": {"win": 24.665822574807645, "loss": 72.16799604754767, "equity": 0.26107177011833954}, "J8o": {"win": 24.150385107942498, "loss": 72.73772377097102, "equity": 0.25554767265026057}, "T8o": {"win": 23.979503946499367, "loss": 72.90274338640809, "equity": 0.2537970173917521}, "98o": {"win": 23.654002961130494, "loss": 73.33894968688503, "equity": 0.2499391922740231}, "88": {"win": 37.26761950857256, "loss": 61.90760991165033, "equity": 0.3759238616945991}, "87s": {"win": 25.315724130722757, "loss": 71.7193048996593, "equity": 0.2663094167175382},