{"AA": {"win": 55.643234805139585, "loss": 43.786927952159616, "equity": 0.558663968812108}, "AKs": {"win": 34.51110259665718, "loss": 63.50546845034929, "equity": 0.3540184542145339}, "AQs": {"win": 32.654171711624286, "loss": 65.05711340702149, "equity": 0.3369225559023079}, "AJs": {"win": 31.05622196779837, "loss": 66.35181604414375, "equity": 0.3224039848532862}, "ATs": {"win": 29.68263276620012, "loss": 67.43208835941262, "equity": 0.3100813435557946}, "A9s": {"win": 26.91002558965037, "loss": 70.02212983240659, "equity": 0.28321215104294967}, "A8s": {"win": 25.791605839353878, "loss": 70.84951785669044, "equity": 0.2734424488129637}, "A7s": {"win": 24.735925687433774, "loss": 71.69461312866902, "equity": 0.2639106153559335}, "A6s": {"win": 23.73114683407307, "loss": 72.59439497289569, "equity": 0.25437543778096966}, "A5s": {"win": 24.187133300481655, "loss": 71.93842361064243, "equity": 0.25987133441746757}, "A4s": {"win": 23.594017480341904, "loss": 72.61352044427984, "equity": 0.2535426099647294}, "A3s": {"win": 23.053845400181604, "loss": 73.284640772017, "equity": 0.2475008501028065}, "A2s": {"win": 22.43935043859226, "loss": 74.02706134948465, "equity": 0.2407299412446905}, "AKo": {"win": 31.381256161703305, "loss": 66.55814556743688, "equity": 0.3231048507751853}, "KK": {"win": 49.54069773863831, "loss": 49.85594529155671, "equity": 0.4977775753966957}, "KQs": {"win": 31.502101516258392, "loss": 66.32073923324545, "equity": 0.3247382267414081}, "KJs": {"win": 29.95121546763481, "loss": 67.59393562789849, "equity": 0.31056647212879135}, "KTs": {"win": 28.643975156921638, "loss": 68.64260827032943, "equity": 0.2987408674892661}, "K9s": {"win": 25.923482190999017, "loss": 71.27178550579416, "equity": 0.27194920336534967}, "K8s": {"win": 23.78018823716229, "loss": 73.20428618768393, "equity": 0.25152459242945}, "K7s": {"win": 22.888732510959958, "loss": 73.86189546253738, "equity": 0.24375000727104684}, "K6s": {"win": 22.051481618792675, "loss": 74.5648200021942, "equity": 0.23603356042117482}, "K5s": {"win": 21.36158398683891, "loss": 75.15612397671768, "equity": 0.22956570792518236}, "K4s": {"win": 20.82336650260127, "loss": 75.7885342273878, "equity": 0.22372649400721428}, "K3s": {"win": 20.35594635463705, "loss": 76.3918684257122, "equity": 0.21838852714762402}, "K2s": {"win": 19.90709644847427, "loss": 76.97408688972371, "equity": 0.2132485106176728}, "AQo": {"win": 29.360126909761092, "loss": 68.25797973794307, "equity": 0.30444601412608885}, "KQo": {"win": 28.26600069004688, "loss": 69.477541325181, "equity": 0.2927663487585232}, "QQ": {"win": 44.4372352472536, "loss": 54.86368909931032, "equity": 0.4472143313719984}, "QJs": {"win": 29.085142014733023, "loss": 68.45471869547866, "equity": 0.301863613463996}, "QTs": {"win": 27.834346405994015, "loss": 69.47804904142464, "equity": 0.2904532525918859}, "Q9s": {"win": 25.167713739838913, "loss": 72.0968065981882, "equity": 0.26398690590355267}, "Q8s": {"win": 23.074458715817723, "loss": 74.0513106591391, "equity": 0.24371329866224112}, "Q7s": {"win": 21.14795531699574, "loss": 75.81600462785656, "equity": 0.22522266830905424}, "Q6s": {"win": 20.442697521446835, "loss": 76.34919059113784, "equity": 0.2190112386244376}, "Q5s": {"win": 19.79136858246224, "loss": 76.92461220473552, "equity": 0.21281807842203765}, "Q4s": {"win": 19.28057618663115, "loss": 77.54130492668054, "equity": 0.20719583948115983}, "Q3s": {"win": 18.82999457953377, "loss": 78.13376496488678, "equity": 0.20199741893471285}, "Q2s": {"win": 18.3980294668468, "loss": 78.7056949064863, "equity": 0.1969942718543988}, "AJo": {"win": 27.61729224695431, "loss": 69.6804446504436, "equity": 0.28856257100719795}, "KJo": {"win": 26.572849144266677, "loss": 70.87679101573602, "equity": 0.2772514280995515}, "QJo": {"win": 25.77638937240938, "loss": 71.67279891918477, "equity": 0.26921901696548944}, "JJ": {"win": 39.92959757409558, "loss": 59.275717899685766, "equity": 0.40259380704600195}, "JTs": {"win": 27.40870555407116, "loss": 69.88152635322383, "equity": 0.28628407122573796}, "J9s": {"win": 24.78349893300422, "loss": 72.47354307117168, "equity": 0.2601362358874627}, "J8s": {"win": 22.738715194296176, "loss": 74.41850368117424, "equity": 0.24015790160305758}, "J7s": {"win": 20.830918477248478, "loss": 76.22370868433082, "equity": 0.22156732881327965}, "J6s": {"win": 19.08813671764518, "loss": 77.85496331630775, "equity": 0.20467177360394256}, "J5s": {"win": 18.53968442844207, "loss": 78.27901481605127, "equity": 0.19974460699751512}, "J4s": {"win": 18.052489192884988, "loss": 78.88166134549527, "equity": 0.19431157002077845}, "J3s": {"win": 17.61763139670987, "loss": 79.46371656073354, "equity": 0.18924448270816938}, "J2s": {"win": 17.201082149904718, "loss": 80.0258896305415, "equity": 0.18436802653578932}, "ATo": {"win": 26.11654380037746, "loss": 70.87045792445535, "equity": 0.2750535853525804}, "KTo": {"win": 25.142441637694706, "loss": 72.0329991014682, "equity": 0.264270999004408}, "QTo": {"win": 24.405874135322186, "loss": 72.80177468778406, "equity": 0.25668087646993315}, "JTo": {"win": 24.062433530873502, "loss": 73.12676945267678, "equity": 0.25331595857975997}, "TT": {"win": 35.961842632947096, "loss": 63.14825957341159, "equity": 0.363360781469721}, "T9s": {"win": 24.691997177476598, "loss": 72.512367410559, "equity": 0.25946362444559967}, "T8s": {"win": 22.684998469159183, "loss": 74.4365149793156, "equity": 0.23977355821837137}, "T7s": {"win": 20.80885230996837, "loss": 76.24317210226417, "equity": 0.22133780546770104}, "T6s": {"win": 19.059106134390426, "loss": 77.92899605152733, "equity": 0.20414180537074827}, "T5s": {"win": 17.47464079796359, "loss": 79.43880588756296, "equity": 0.18859868008605324}, "T4s": {"win": 17.071152481901226, "loss": 79.90054647379735, "equity": 0.184282390304342}, "T3s": {"win": 16.651302904534408, "loss": 80.47263532766333, "equity": 0.17934095881442758}, "T2s": {"win": 16.24930684417263, "loss": 81.02576926427652, "equity": 0.17458325688100967}, "A9o": {"win": 23.10403485809119, "loss": 73.68346638127875, "equity": 0.245865380188967}, "K9o": {"win": 22.18363819775888, "loss": 74.88818378337872, "equity": 0.2351539274728731}, "Q9o": {"win": 21.503728897340757, "loss": 75.64613283649949, "equity": 0.22790542736645475}, "J9o": {"win": 21.204221423088622, "loss": 75.94254872028814, "equity": 0.22487917802537755}, "T9o": {"win": 21.20174164365237, "loss": 75.89391500664522, "equity": 0.22508939813996137}, "99": {"win": 32.2605357468827, "loss": 66.9256664599422, "equity": 0.3258906879281537}, "98s": {"win": 22.418604700261557, "loss": 74.8418945746705, "equity": 0.23642444852052877}, "97s": {"win": 20.764662988632878, "loss": 76.43653044447287, "equity": 0.2201582540111953}, "96s": {"win": 19.081185902396246, "loss": 78.08053302408099, "equity": 0.20350564607309415}, "95s": {"win": 17.47639196747747, "loss": 79.64934121989279, "equity": 0.18757202284724067}, "94s": {"win": 16.041711704765106, "loss": 81.18049575230883, "equity": 0.17274483259420553}, "93s": {"win": 15.6961624921142, "loss": 81.61870551398214, "equity": 0.1688376999810457}, "92s": {"win": 15.308985180192522, "loss": 82.16210356693944, "equity": 0.16420337549457187}, "A8o": {"win": 21.880128388852313, "loss": 74.60096329837185, "equity": 0.23511653094919935}, "K8o": {"win": 19.855571060894526, "loss": 76.98782151075157, "equity": 0.21296623838157053}, "Q8o": {"win": 19.22739980699477, "loss": 77.76962933927757, "equity": 0.20586863841349648}, "J8o": {"win": 18.97877684284279, "loss": 78.056149818048, "equity": 0.20315183930469238}, "T8o": {"win": 19.016275547912052, "loss": 77.98541752409074, "equity": 0.20366735198825675}, "98o": {"win": 18.797771812558434, "loss": 78.36153266741474, "equity": 0.20070286300163753}, "88": {"win": 29.143232028675953, "loss": 70.03944887463746, "equity": 0.29468014229987416}, "87s": {"win": 20.84654653623376, "loss": 76.39437411689323, "equity": 0.2207849026554984},