{"AA": {"win": 55.64271654925605, "loss": 43.78750522270071, "equity": 0.5586584649909349}, "AKs": {"win": 34.51272846419411, "loss": 63.50396406244614, "equity": 0.35403395644064106}, "AQs": {"win": 32.654055263507836, "loss": 65.05769272583609, "equity": 0.33691952994043073}, "AJs": {"win": 31.057280932916353, "loss": 66.35090174873301, "equity": 0.3224139222811583}, "ATs": {"win": 29.681912753756578, "loss": 67.43295521672982, "equity": 0.31007343973840845}, "A9s": {"win": 26.90926110354243, "loss": 70.02305659678511, "equity": 0.28320408626012045}, "A8s": {"win": 25.791673294338338, "loss": 70.84947861043855, "equity": 0.27344349405449114}, "A7s": {"win": 24.7356872890887, "loss": 71.69454048656483, "equity": 0.26390987091008716}, "A6s": {"win": 23.731175411907337, "loss": 72.5940004506524, "equity": 0.2543774076897333}, "A5s": {"win": 24.18726304325994, "loss": 71.93908036906052, "equity": 0.2598691801031228}, "A4s": {"win": 23.594523377027162, "loss": 72.61347067144338, "equity": 0.253546444871399}, "A3s": {"win": 23.054454978038386, "loss": 73.283771473474, "equity": 0.24750824903938107}, "A2s": {"win": 22.440087126984793, "loss": 74.02618903280406, "equity": 0.2407376138912967}, "AKo": {"win": 31.38222054644532, "loss": 66.55673959528393, "equity": 0.3231165698211423}, "KK": {"win": 49.539418430244275, "loss": 49.85703689802328, "equity": 0.497765691008715}, "KQs": {"win": 31.502383245427225, "loss": 66.32060837956959, "equity": 0.3247406658876176}, "KJs": {"win": 29.951658718049245, "loss": 67.59349047385034, "equity": 0.3105705551966633}, "KTs": {"win": 28.644048127520282, "loss": 68.64277393937344, "equity": 0.2987409592838657}, "K9s": {"win": 25.924148225428468, "loss": 71.27116984406248, "equity": 0.2719559938014864}, "K8s": {"win": 23.7785036484496, "loss": 73.20589941362174, "equity": 0.2515082728608662}, "K7s": {"win": 22.887490574280086, "loss": 73.86333098194937, "equity": 0.24373701121907432}, "K6s": {"win": 22.051471909400203, "loss": 74.56445084167858, "equity": 0.236034995753726}, "K5s": {"win": 21.36075333013943, "loss": 75.15672553214769, "equity": 0.22955869714752825}, "K4s": {"win": 20.82279963050078, "loss": 75.78955276938548, "equity": 0.2237184560350001}, "K3s": {"win": 20.356536297393976, "loss": 76.39142259754408, "equity": 0.2183932254653097}, "K2s": {"win": 19.907204433602214, "loss": 76.97395453092679, "equity": 0.213249539091901}, "AQo": {"win": 29.361280390387623, "loss": 68.25687391780338, "equity": 0.30445733670887665}, "KQo": {"win": 28.26590228339599, "loss": 69.47756728745368, "equity": 0.29276598948737365}, "QQ": {"win": 44.43697939074877, "loss": 54.863651513457086, "equity": 0.44721276645846886}, "QJs": {"win": 29.085204024003573, "loss": 68.45455251656348, "equity": 0.3018651244200079}, "QTs": {"win": 27.833930676497875, "loss": 69.47834753618353, "equity": 0.290449854290357}, "Q9s": {"win": 25.166463881950662, "loss": 72.0985042414334, "equity": 0.2639727680818462}, "Q8s": {"win": 23.075273896961853, "loss": 74.05081491913683, "equity": 0.24371953445816824}, "Q7s": {"win": 21.148286125171335, "loss": 75.81569283472409, "equity": 0.22522563789405037}, "Q6s": {"win": 20.442607493778507, "loss": 76.34941922931003, "equity": 0.219010164843732}, "Q5s": {"win": 19.792034663406536, "loss": 76.923929611848, "equity": 0.21282466210873302}, "Q4s": {"win": 19.281662030264723, "loss": 77.53986797579647, "equity": 0.20720843225425906}, "Q3s": {"win": 18.830826822664733, "loss": 78.13298649916025, "equity": 0.20200506372386587}, "Q2s": {"win": 18.399452542262516, "loss": 78.70422643345388, "equity": 0.19700857744976344}, "AJo": {"win": 27.61793956254294, "loss": 69.6796379170631, "equity": 0.2885699139489185}, "KJo": {"win": 26.57345220143863, "loss": 70.8760488650198, "equity": 0.27725809458542117}, "QJo": {"win": 25.777029911505355, "loss": 71.67194020221521, "equity": 0.26922633728858275}, "JJ": {"win": 39.93067641962574, "loss": 59.27454680969392, "equity": 0.40260475810494933}, "JTs": {"win": 27.408855129682173, "loss": 69.88123824217824, "equity": 0.2862859769724146}, "J9s": {"win": 24.7836670315058, "loss": 72.47312884201402, "equity": 0.2601394224251575}, "J8s": {"win": 22.73811346815656, "loss": 74.41883275409228, "equity": 0.24015291479865766}, "J7s": {"win": 20.83128831236775, "loss": 76.22344119592326, "equity": 0.22157052000202915}, "J6s": {"win": 19.088890028979975, "loss": 77.8546125146875, "equity": 0.20467768115497953}, "J5s": {"win": 18.540228296497244, "loss": 78.2788175404214, "equity": 0.1997484184255943}, "J4s": {"win": 18.05113771819006, "loss": 78.8831714747309, "equity": 0.19429706454840492}, "J3s": {"win": 17.618228850153585, "loss": 79.46269608905885, "equity": 0.18925224157734546}, "J2s": {"win": 17.20134408053637, "loss": 80.02589497287615, "equity": 0.18436965689559653}, "ATo": {"win": 26.116341033382888, "loss": 70.87074227040632, "equity": 0.2750509594431866}, "KTo": {"win": 25.14295297545962, "loss": 72.03250650320062, "equity": 0.2642760815725135}, "QTo": {"win": 24.40606420515607, "loss": 72.80155115844985, "equity": 0.25668279576988157}, "JTo": {"win": 24.062202173213457, "loss": 73.12673696792496, "equity": 0.25331453275609606}, "TT": {"win": 35.96160287404857, "loss": 63.14852971589111, "equity": 0.3633579692183318}, "T9s": {"win": 24.692477456229753, "loss": 72.51285101147167, "equity": 0.2594638727564711}, "T8s": {"win": 22.68437897075664, "loss": 74.43749136897276, "equity": 0.23976568073340604}, "T7s": {"win": 20.807940103286562, "loss": 76.24383626231914, "equity": 0.22132964926955723}, "T6s": {"win": 19.057955037309963, "loss": 77.92994394964353, "equity": 0.20413167124609732}, "T5s": {"win": 17.47466818590658, "loss": 79.43904277899047, "equity": 0.1885980627346648}, "T4s": {"win": 17.071436416372077, "loss": 79.90070829913464, "equity": 0.18428379256095778}, "T3s": {"win": 16.651150333619434, "loss": 80.4721559154698, "equity": 0.1793418141205529}, "T2s": {"win": 16.24920642007805, "loss": 81.02567588321367, "equity": 0.17458343092771597}, "A9o": {"win": 23.10396193373509, "loss": 73.68362139873555, "equity": 0.24586399636141684}, "K9o": {"win": 22.183373310952557, "loss": 74.888454368357, "equity": 0.23515120794407912}, "Q9o": {"win": 21.503828097523254, "loss": 75.64578670452029, "equity": 0.22790764901445035}, "J9o": {"win": 21.204672482624648, "loss": 75.94196998866651, "equity": 0.22488447771209896}, "T9o": {"win": 21.20167930123069, "loss": 75.89388235615692, "equity": 0.22508918204215242}, "99": {"win": 32.26025802249484, "loss": 66.92578115637328, "equity": 0.3258883073390799}, "98s": {"win": 22.41821728762434, "loss": 74.8422014776102, "equity": 0.2364206092036901}, "97s": {"win": 20.76655616010355, "loss": 76.43470972570407, "equity": 0.22017709116387527}, "96s": {"win": 19.08151814637065, "loss": 78.08033692411644, "equity": 0.20350916413451858}, "95s": {"win": 17.47686184068255, "loss": 79.649530853752, "equity": 0.18757320777420752}, "94s": {"win": 16.041442876915685, "loss": 81.1805563421295, "equity": 0.17274339343152384}, "93s": {"win": 15.696109811927316, "loss": 81.61884806648726, "equity": 0.16883635631874555}, "92s": {"win": 15.308300954995985, "loss": 82.16284644570386, "equity": 0.16419614394384485}, "A8o": {"win": 21.88012899769463, "loss": 74.6007188207924, "equity": 0.23511750002778953}, "K8o": {"win": 19.85577004234205, "loss": 76.98774961114847, "equity": 0.21296748214359618}, "Q8o": {"win": 19.22662252715427, "loss": 77.7702654431882, "equity": 0.20586139649282498}, "J8o": {"win": 18.97871789474173, "loss": 78.05570540722798, "equity": 0.20315334452761621}, "T8o": {"win": 19.0167017063303, "loss": 77.98496814534693, "equity": 0.20367171084148186}, "98o": {"win": 18.797317976373375, "loss": 78.3622099342191, "equity": 0.20069762925414195}, "88": {"win": 29.14309738415602, "loss": 70.0395245020272, "equity": 0.2946789150847514}, "87s": {"win": 20.844935894073394, "loss": 76.3961239163833, "equity": 0.22076833349344813},