{"AA": {"win": 55.642915423118545, "loss": 43.78728750891242, "equity": 0.5586605697729566}, "AKs": {"win": 34.51225743655599, "loss": 63.50440342815181, "equity": 0.3540294253108182}, "AQs": {"win": 32.65462299700421, "loss": 65.0571731872939, "equity": 0.33692495842044046}, "AJs": {"win": 31.056884682355218, "loss": 66.35113967226933, "equity": 0.3224107687396763}, "ATs": {"win": 29.682040001142997, "loss": 67.43291120302308, "equity": 0.3100743647177564}, "A9s": {"win": 26.909641174086357, "loss": 70.0226804465144, "equity": 0.28320783905880903}, "A8s": {"win": 25.791666972368798, "loss": 70.84947312003386, "equity": 0.2734434771040905}, "A7s": {"win": 24.736051807359583, "loss": 71.69423710352267, "equity": 0.2639133710825252}, "A6s": {"win": 23.73131994592749, "loss": 72.59387904455834, "equity": 0.25437885070413224}, "A5s": {"win": 24.187221396849353, "loss": 71.9387211030679, "equity": 0.2598704813612133}, "A4s": {"win": 23.594465648217167, "loss": 72.61343637330894, "equity": 0.2535460446692581}, "A3s": {"win": 23.053963729640795, "loss": 73.2843348988637, "equity": 0.24750304916951443}, "A2s": {"win": 22.439855766967316, "loss": 74.02644808424708, "equity": 0.2407351310418474}, "AKo": {"win": 31.382296972325552, "loss": 66.55669095369221, "equity": 0.3231171688076142}, "KK": {"win": 49.5396930595084, "loss": 49.85677115184405, "equity": 0.4977683883639129}, "KQs": {"win": 31.501932575194378, "loss": 66.32089058514914, "equity": 0.32473683628702715}, "KJs": {"win": 29.951295435633785, "loss": 67.59392077355622, "equity": 0.3105666020026844}, "KTs": {"win": 28.643731541641895, "loss": 68.64330004644921, "equity": 0.2987367078771515}, "K9s": {"win": 25.924555935795862, "loss": 71.27070499638981, "equity": 0.27196034556062815}, "K8s": {"win": 23.778640077477675, "loss": 73.20574933111139, "equity": 0.2515097763791457}, "K7s": {"win": 22.887445670837664, "loss": 73.8633962308081, "equity": 0.24373637778145946}, "K6s": {"win": 22.05148765956176, "loss": 74.5644261531042, "equity": 0.2360351716935902}, "K5s": {"win": 21.360487222335177, "loss": 75.1570530987785, "equity": 0.22955571804035832}, "K4s": {"win": 20.822854118823358, "loss": 75.78940381570605, "equity": 0.22371944839089583}, "K3s": {"win": 20.356645304476405, "loss": 76.3912745027701, "equity": 0.21839449197811095}, "K2s": {"win": 19.907431721279636, "loss": 76.97376297014259, "equity": 0.2132516863061573}, "AQo": {"win": 29.36140157174521, "loss": 68.25674704613542, "equity": 0.3044584242236131}, "KQo": {"win": 28.26572060060502, "loss": 69.4777700996041, "equity": 0.29276410020991106}, "QQ": {"win": 44.437129866191285, "loss": 54.86353454248506, "equity": 0.4472141307744901}, "QJs": {"win": 29.085376798365484, "loss": 68.45437759162613, "equity": 0.30186673452451157}, "QTs": {"win": 27.834072774516383, "loss": 69.4782363737652, "equity": 0.2904509839259327}, "Q9s": {"win": 25.16677348219929, "loss": 72.09816713106426, "equity": 0.2639760579640135}, "Q8s": {"win": 23.074772852016885, "loss": 74.05135457132225, "equity": 0.24371438164862172}, "Q7s": {"win": 21.14817349793149, "loss": 75.81583091945342, "equity": 0.22522453101624232}, "Q6s": {"win": 20.442684486355006, "loss": 76.34940587046965, "equity": 0.21901050930331}, "Q5s": {"win": 19.791843885472264, "loss": 76.92397559316245, "equity": 0.21282350986194204}, "Q4s": {"win": 19.28136629983674, "loss": 77.54007383829676, "equity": 0.20720592099790283}, "Q3s": {"win": 18.830585977815723, "loss": 78.13325604687422, "equity": 0.20200268924031467}, "Q2s": {"win": 18.399057742478945, "loss": 78.70467730139414, "equity": 0.19700440306462508}, "AJo": {"win": 27.6180583764591, "loss": 69.67957409135362, "equity": 0.28857076153704037}, "KJo": {"win": 26.573520878697614, "loss": 70.87608383477851, "equity": 0.2772582407359198}, "QJo": {"win": 25.776877950329293, "loss": 71.67221773799062, "equity": 0.2692243464017784}, "JJ": {"win": 39.93048772704581, "loss": 59.27476120760269, "equity": 0.4026028187192327}, "JTs": {"win": 27.409029109640635, "loss": 69.88120263687276, "equity": 0.2862869555927571}, "J9s": {"win": 24.783691961694398, "loss": 72.47322603185448, "equity": 0.2601390712546649}, "J8s": {"win": 22.737993482509815, "loss": 74.41907498393088, "equity": 0.24015112339608227}, "J7s": {"win": 20.83105121177324, "loss": 76.2237324051707, "equity": 0.2215679718107966}, "J6s": {"win": 19.088698277652885, "loss": 77.85489958369314, "equity": 0.20467544987126035}, "J5s": {"win": 18.540293474642382, "loss": 78.27864871874516, "equity": 0.19974960645648984}, "J4s": {"win": 18.05116424649551, "loss": 78.88319007694635, "equity": 0.1942972564101472}, "J3s": {"win": 17.617739063174795, "loss": 79.46323399228436, "equity": 0.18924710496786845}, "J2s": {"win": 17.201397124156145, "loss": 80.02570555643562, "equity": 0.18437085767979133}, "ATo": {"win": 26.116328900859152, "loss": 70.87075670082787, "equity": 0.2750508292806013}, "KTo": {"win": 25.143094055250135, "loss": 72.03237790844575, "equity": 0.2642774177085156}, "QTo": {"win": 24.405932056832274, "loss": 72.80163565613566, "equity": 0.2566816579147479}, "JTo": {"win": 24.062216987322145, "loss": 73.1268158277752, "equity": 0.25331429748343337}, "TT": {"win": 35.96184129318385, "loss": 63.14831429997875, "equity": 0.36336022035981197}, "T9s": {"win": 24.69269788836169, "loss": 72.51257554156619, "equity": 0.2594664706685975}, "T8s": {"win": 22.684665887243497, "loss": 74.4371691781043, "equity": 0.23976859229885375}, "T7s": {"win": 20.808258050793437, "loss": 76.24362403209342, "equity": 0.22133228475096622}, "T6s": {"win": 19.05807908737221, "loss": 77.92993486253246, "equity": 0.20413240879751043}, "T5s": {"win": 17.474953819872997, "loss": 79.43869206012222, "equity": 0.18860137500873375}, "T4s": {"win": 17.07101570128794, "loss": 79.90096421777855, "equity": 0.1842803334861239}, "T3s": {"win": 16.651263978152212, "loss": 80.47215304766546, "equity": 0.17934260719420778}, "T2s": {"win": 16.249010366103, "loss": 81.02593013439898, "equity": 0.17458114610232772}, "A9o": {"win": 23.104110667090758, "loss": 73.68355938532011, "equity": 0.24586507921766504}, "K9o": {"win": 22.183491826680658, "loss": 74.88834913946599, "equity": 0.23515231443317738}, "Q9o": {"win": 21.503638907195217, "loss": 75.6460113122237, "equity": 0.2279055409171452}, "J9o": {"win": 21.20478046902596, "loss": 75.94185036879888, "equity": 0.2248856175480757}, "T9o": {"win": 21.201785043056034, "loss": 75.8938820146497, "equity": 0.22508986518739516}, "99": {"win": 32.26041604177003, "loss": 66.92568992187272, "equity": 0.3258896776330916}, "98s": {"win": 22.418326308450286, "loss": 74.84200505279756, "equity": 0.23642239660026856}, "97s": {"win": 20.766645523716562, "loss": 76.43446067948162, "equity": 0.22017861586918694}, "96s": {"win": 19.081370097026152, "loss": 78.08049891039506, "equity": 0.20350761397531666}, "95s": {"win": 17.477142069308666, "loss": 79.6488627430024, "equity": 0.18757762452142743}, "94s": {"win": 16.041206976427272, "loss": 81.18084740502562, "equity": 0.172740688234619}, "93s": {"win": 15.696574609291174, "loss": 81.61831409960212, "equity": 0.16884134565498454}, "92s": {"win": 15.30880346687704, "loss": 82.16230328106519, "equity": 0.164201305026277}, "A8o": {"win": 21.88026798826869, "loss": 74.60054318160564, "equity": 0.2351191065425457}, "K8o": {"win": 19.855625901160902, "loss": 76.9880053121096, "equity": 0.21296557075417574}, "Q8o": {"win": 19.226720167204547, "loss": 77.7702664932813, "equity": 0.20586186218374322}, "J8o": {"win": 18.978746704965314, "loss": 78.05565899308151, "equity": 0.20315381121102077}, "T8o": {"win": 19.016562518820077, "loss": 77.98522851728876, "equity": 0.20366970705634638}, "98o": {"win": 18.797386254274464, "loss": 78.36220265145997, "equity": 0.20069795380573194}, "88": {"win": 29.14318755414922, "loss": 70.0394794117661, "equity": 0.29467961669551807}, "87s": {"win": 20.84467100824362, "loss": 76.396325287325, "equity": 0.2207659116010824},