{"AA": {"win": 48.963231489763984, "loss": 50.47682614917368, "equity": 0.49187320450506145}, "AKs": {"win": 30.1791862642793, "loss": 67.85259780513654, "equity": 0.3106386780362876}, "AQs": {"win": 28.277949461066463, "loss": 69.43941505716282, "equity": 0.2931158876695427}, "AJs": {"win": 26.70161505871914, "loss": 70.7116712449604, "equity": 0.2787935008283135}, "ATs": {"win": 25.38727143333096, "loss": 71.73669983213719, "equity": 0.2670234626743786}, "A9s": {"win": 22.75770378340903, "loss": 74.24728999564903, "equity": 0.24126485226985175}, "A8s": {"win": 21.727748937769622, "loss": 75.01055487543863, "equity": 0.23225066184265802}, "A7s": {"win": 20.799680801866135, "loss": 75.746892889642, "equity": 0.22389976304883305}, "A6s": {"win": 19.960778163432856, "loss": 76.49241825114218, "equity": 0.2159712800059973}, "A5s": {"win": 20.461107330035457, "loss": 75.80143892875782, "equity": 0.22186871094356317}, "A4s": {"win": 19.99831092907031, "loss": 76.37350476666839, "equity": 0.216725773458329}, "A3s": {"win": 19.579830424515073, "loss": 76.94532016821505, "equity": 0.2118062939891913}, "A2s": {"win": 19.073955734913802, "loss": 77.60154445982879, "equity": 0.20602658862793596}, "AKo": {"win": 26.925032005631287, "loss": 71.03044923684804, "equity": 0.2784675151336642}, "KK": {"win": 42.7167057593421, "loss": 56.67619656491172, "equity": 0.4296111338376589}, "KQs": {"win": 27.375617740298594, "loss": 70.46605020117165, "equity": 0.28342441954651315}, "KJs": {"win": 25.854634662184022, "loss": 71.70971940738555, "equity": 0.26952700432433385}, "KTs": {"win": 24.608999089441486, "loss": 72.69698292090865, "equity": 0.25829836040930504}, "K9s": {"win": 22.021680261177032, "loss": 75.26346325002154, "equity": 0.23249366377813677}, "K8s": {"win": 20.053763377465035, "loss": 77.04394905322198, "equity": 0.21369431849618362}, "K7s": {"win": 19.251054840393248, "loss": 77.63590148609407, "equity": 0.20668668626818182}, "K6s": {"win": 18.539071078032045, "loss": 78.22801218188299, "equity": 0.20015058672379077}, "K5s": {"win": 17.97033565067842, "loss": 78.71210223105032, "equity": 0.1948326229195966}, "K4s": {"win": 17.55699541717288, "loss": 79.24608283642087, "equity": 0.1901288073297479}, "K3s": {"win": 17.213398610932636, "loss": 79.74845702833794, "equity": 0.18593384913628808}, "K2s": {"win": 16.88959817983056, "loss": 80.2268954970756, "equity": 0.18195668044762012}, "AQo": {"win": 24.838048631932725, "loss": 72.7855649231591, "equity": 0.25917110097550833}, "KQo": {"win": 24.028014328694542, "loss": 73.73266316555669, "equity": 0.25033768093791653}, "QQ": {"win": 37.587343494137365, "loss": 61.694517077970445, "equity": 0.3788552099835127}, "QJs": {"win": 25.135301847866284, "loss": 72.42449897621053, "equity": 0.26231838892935994}, "QTs": {"win": 23.94986719710505, "loss": 73.37830720588927, "equity": 0.2515637311693645}, "Q9s": {"win": 21.41261422879631, "loss": 75.93532119272332, "equity": 0.22606466181040522}, "Q8s": {"win": 19.48949476890507, "loss": 77.74738927475984, "equity": 0.20734844535633626}, "Q7s": {"win": 17.7509805629733, "loss": 79.3380726172239, "equity": 0.19065684218009696}, "Q6s": {"win": 17.131216381842975, "loss": 79.80481116038995, "equity": 0.18520038859898114}, "Q5s": {"win": 16.603365606198032, "loss": 80.2698759623739, "equity": 0.18018417372547063}, "Q4s": {"win": 16.215885971651044, "loss": 80.78878550448019, "equity": 0.17568709327140805}, "Q3s": {"win": 15.887050191188212, "loss": 81.28255620342767, "equity": 0.17161008825967536}, "Q2s": {"win": 15.578590257781716, "loss": 81.75200885066222, "equity": 0.16775606357617934}, "AJo": {"win": 23.1011238713568, "loss": 74.20057368956166, "equity": 0.24332851947684703}, "KJo": {"win": 22.352505580439434, "loss": 75.11443908937284, "equity": 0.2349744584596054}, "QJo": {"win": 21.72824990775022, "loss": 75.73724679335864, "equity": 0.22870043157680672}, "JJ": {"win": 33.220573516653, "loss": 65.95282708685988, "equity": 0.33570190657608934}, "JTs": {"win": 23.636708732286674, "loss": 73.65288077057599, "equity": 0.24861135990806485}, "J9s": {"win": 21.150291839293697, "loss": 76.17332951695248, "equity": 0.22353862243222758}, "J8s": {"win": 19.267372341263492, "loss": 77.98149021599909, "equity": 0.20505049097173006}, "J7s": {"win": 17.535398464960064, "loss": 79.63134271277403, "equity": 0.18811053898281072}, "J6s": {"win": 15.98074086884919, "loss": 81.07888141225799, "equity": 0.17306249836579496}, "J5s": {"win": 15.517392689506673, "loss": 81.43583146935774, "equity": 0.16889883050474677}, "J4s": {"win": 15.14935704675237, "loss": 81.94490966950154, "equity": 0.16454878810758836}, "J3s": {"win": 14.837005558173933, "loss": 82.42599911847852, "equity": 0.16061892349486084}, "J2s": {"win": 14.542992878293285, "loss": 82.88737223591033, "equity": 0.1568799061177526}, "ATo": {"win": 21.652936625059173, "loss": 75.34246567447583, "equity": 0.23030128200335606}, "KTo": {"win": 20.975719983116452, "loss": 76.21654213684882, "equity": 0.22251182194557592}, "QTo": {"win": 20.415421001285445, "loss": 76.80373308078035, "equity": 0.21674302668956322}, "JTo": {"win": 20.203284484191403, "loss": 76.97886719415939, "equity": 0.21479555941971543}, "TT": {"win": 29.513648968759128, "loss": 69.5501492602848, "equity": 0.2991483449967083}, "T9s": {"win": 21.14834387784327, "loss": 76.10310193128663, "equity": 0.22386376920839543}, "T8s": {"win": 19.307328500375387, "loss": 77.88567097309392, "equity": 0.20571332259796307}, "T7s": {"win": 17.600797712245644, "loss": 79.54159741881409, "equity": 0.1888750441373912}, "T6s": {"win": 16.02455305597745, "loss": 81.06649018829687, "equity": 0.17334545972616602}, "T5s": {"win": 14.628242949442486, "loss": 82.38808221218017, "equity": 0.15967934661269928}, "T4s": {"win": 14.305640545207508, "loss": 82.79920779585251, "equity": 0.1560350282724775}, "T3s": {"win": 14.004574915465898, "loss": 83.27410896953238, "equity": 0.15219234131830764}, "T2s": {"win": 13.723829305713345, "loss": 83.72650463195876, "equity": 0.14856491169784855}, "A9o": {"win": 18.785216041047743, "loss": 78.07683871119794, "equity": 0.20222643175981436}, "K9o": {"win": 18.148935318137656, "loss": 79.01332608866649, "equity": 0.19435369003205394}, "Q9o": {"win": 17.643311906587495, "loss": 79.58814863557014, "equity": 0.18892824773393568}, "J9o": {"win": 17.483966561301013, "loss": 79.72573873499861, "equity": 0.18742022818465315}, "T9o": {"win": 17.587897079952683, "loss": 79.54864232508724, "equity": 0.18881037634601142}, "99": {"win": 26.296697317115306, "loss": 72.88266730920071, "equity": 0.2663370169756957}, "98s": {"win": 19.094348380872283, "loss": 78.28581475400266, "equity": 0.20269279886248195}, "97s": {"win": 17.64561635742866, "loss": 79.69306618402545, "equity": 0.18839004815441115}, "96s": {"win": 16.137384328891525, "loss": 81.17491701773692, "equity": 0.17342043487126305}, "95s": {"win": 14.705639355904298, "loss": 82.57966655423321, "equity": 0.15917186018302468}, "94s": {"win": 13.450972075076896, "loss": 83.93932732659927, "equity": 0.14610801339715898}, "93s": {"win": 13.184172359212143, "loss": 84.326226917558, "equity": 0.14286535766210606}, "92s": {"win": 12.91447268448212, "loss": 84.77162870279692, "equity": 0.13932891445295884}, "A8o": {"win": 17.65030326070472, "loss": 78.93142497742924, "equity": 0.19222912117935717}, "K8o": {"win": 16.004695765206968, "loss": 80.9528901191593, "equity": 0.1738722828082789}, "Q8o": {"win": 15.539933030765313, "loss": 81.56707812984803, "equity": 0.16847254276329715}, "J8o": {"win": 15.425993827212322, "loss": 81.69734213441228, "equity": 0.16723581688134717}, "T8o": {"win": 15.574501952096133, "loss": 81.49307472728812, "equity": 0.16898429478982474}, "98o": {"win": 15.420535825955731, "loss": 81.85773974424708, "equity": 0.16643979533060166}, "88": {"win": 23.69074778238938, "loss": 75.49071806142203, "equity": 0.24022612269154298}, "87s": {"win": 17.780982200218315, "loss": 79.60698706274923,