{"AA": {"win": 48.963414775390305, "loss": 50.47651974010649, "equity": 0.4918755876059217}, "AKs": {"win": 30.178111106781767, "loss": 67.85342537652912, "equity": 0.3106290538868347}, "AQs": {"win": 28.277932046108667, "loss": 69.4390887053265, "equity": 0.29311705765921336}, "AJs": {"win": 26.70018574354619, "loss": 70.7128841850685, "equity": 0.2787802831717521}, "ATs": {"win": 25.38786658469587, "loss": 71.73611273381042, "equity": 0.2670292441690738}, "A9s": {"win": 22.75859266979027, "loss": 74.24642288349574, "equity": 0.2412734694148259}, "A8s": {"win": 21.727425132751566, "loss": 75.01064057522808, "equity": 0.23224830021018655}, "A7s": {"win": 20.799645361630745, "loss": 75.74746444849427, "equity": 0.22389672156706053}, "A6s": {"win": 19.961283255307915, "loss": 76.49206233462502, "equity": 0.215975505133222}, "A5s": {"win": 20.46053910153155, "loss": 75.80149926851392, "equity": 0.22186526253111047}, "A4s": {"win": 19.99796144921202, "loss": 76.37331699961118, "equity": 0.21672407846151548}, "A3s": {"win": 19.579062488044094, "loss": 76.94644748949025, "equity": 0.21179692126248414}, "A2s": {"win": 19.07321217725205, "loss": 77.60283070232227, "equity": 0.20601681937118033}, "AKo": {"win": 26.92395187290714, "loss": 71.03184787217307, "equity": 0.278455339692647}, "KK": {"win": 42.71799669999749, "loss": 56.6751437125602, "equity": 0.4296231039333485}, "KQs": {"win": 27.374959699826466, "loss": 70.46636488655115, "equity": 0.2834190919017937}, "KJs": {"win": 25.854464096742884, "loss": 71.71018723591864, "equity": 0.2695243083406995}, "KTs": {"win": 24.60900357164795, "loss": 72.69697461044699, "equity": 0.25829789513568857}, "K9s": {"win": 22.02100448545685, "loss": 75.26407764039287, "equity": 0.23248688984566257}, "K8s": {"win": 20.054949623646362, "loss": 77.04277420988642, "equity": 0.2137062244097137}, "K7s": {"win": 19.25241975531206, "loss": 77.63451744612298, "equity": 0.20670000296485214}, "K6s": {"win": 18.53940506107762, "loss": 78.22815585809803, "equity": 0.20015172623603228}, "K5s": {"win": 17.971033484488945, "loss": 78.71182299025833, "equity": 0.19483752857583309}, "K4s": {"win": 17.557502368039774, "loss": 79.24545528576745, "equity": 0.19013471758980874}, "K3s": {"win": 17.21302665718159, "loss": 79.74861539665562, "equity": 0.18593142120733014}, "K2s": {"win": 16.88898572593716, "loss": 80.22738880978233, "equity": 0.18195139186288473}, "AQo": {"win": 24.83714612542555, "loss": 72.78651690650807, "equity": 0.25916175067828395}, "KQo": {"win": 24.028310774166403, "loss": 73.73242529732428, "equity": 0.2503404020146135}, "QQ": {"win": 37.588046325188934, "loss": 61.69410587676682, "equity": 0.3788612547398089}, "QJs": {"win": 25.134891519173845, "loss": 72.42475269413633, "equity": 0.26231455429154327}, "QTs": {"win": 23.950515967180827, "loss": 73.37760337744245, "equity": 0.25157025405319877}, "Q9s": {"win": 21.413912508105273, "loss": 75.93381105491444, "equity": 0.22607826245276963}, "Q8s": {"win": 19.488894784804486, "loss": 77.74781047828237, "equity": 0.20734360684818656}, "Q7s": {"win": 17.75063003280843, "loss": 79.33824002610132, "equity": 0.1906542731120996}, "Q6s": {"win": 17.13142044157216, "loss": 79.80437735446255, "equity": 0.18520331539628754}, "Q5s": {"win": 16.603020766220983, "loss": 80.27017565829259, "equity": 0.18018125712272004}, "Q4s": {"win": 16.214830115383734, "loss": 80.78988852500109, "equity": 0.17567642243785905}, "Q3s": {"win": 15.886162426114527, "loss": 81.28329983260294, "equity": 0.17160236446475405}, "Q2s": {"win": 15.577644159424178, "loss": 81.7530337657462, "equity": 0.16774665805625968}, "AJo": {"win": 23.100358496017375, "loss": 74.2015500399228, "equity": 0.24331991866143038}, "KJo": {"win": 22.35204612955393, "loss": 75.11513150671655, "equity": 0.23496883860282633}, "QJo": {"win": 21.727304454457766, "loss": 75.73843000261766, "equity": 0.22869008728817036}, "JJ": {"win": 33.219188535166495, "loss": 65.95423166071343, "equity": 0.33568816451303796}, "JTs": {"win": 23.636079682161014, "loss": 73.65341263618403, "equity": 0.2486061402875267}, "J9s": {"win": 21.1498245003689, "loss": 76.1738401077937, "equity": 0.22353342323910044}, "J8s": {"win": 19.26769527568701, "loss": 77.9815468267558, "equity": 0.20505205784069264}, "J7s": {"win": 17.53565569482374, "loss": 79.6310632196343, "equity": 0.18811324918998132}, "J6s": {"win": 15.98045147841547, "loss": 81.07897995966137, "equity": 0.17306025467108296}, "J5s": {"win": 15.517478950492565, "loss": 81.43572748821072, "equity": 0.16889972072355394}, "J4s": {"win": 15.150830080023635, "loss": 81.94301180009106, "equity": 0.16456593353303853}, "J3s": {"win": 14.83677899394923, "loss": 82.42679044232712, "equity": 0.16061410014496302}, "J2s": {"win": 14.542700052098173, "loss": 82.88731178666562, "equity": 0.15687778467331323}, "ATo": {"win": 21.65327303893935, "loss": 75.34192786367772, "equity": 0.23030565519153548}, "KTo": {"win": 20.975538313666743, "loss": 76.21668420793975, "equity": 0.22251022406439902}, "QTo": {"win": 20.415376785466393, "loss": 76.80376949200698, "equity": 0.21674279984409328}, "JTo": {"win": 20.203356330839156, "loss": 76.97893659326229, "equity": 0.2147957046263377}, "TT": {"win": 29.51393991859509, "loss": 69.54991565123582, "equity": 0.2991513195233628}, "T9s": {"win": 21.14848014352087, "loss": 76.10221573336479, "equity": 0.2238687183477587}, "T8s": {"win": 19.30809226134084, "loss": 77.8845123334747, "equity": 0.2057226545387657}, "T7s": {"win": 17.60145899077504, "loss": 79.54143814640277, "equity": 0.18887976907413226}, "T6s": {"win": 16.02499901540316, "loss": 81.06616723837833, "equity": 0.17334911770895733}, "T5s": {"win": 14.628219921867112, "loss": 82.38780492630958, "equity": 0.15968029935725722}, "T4s": {"win": 14.305883915131814, "loss": 82.79918207192887, "equity": 0.15603571916298742}, "T3s": {"win": 14.004644823909166, "loss": 83.27443215506977, "equity": 0.15219156392685307}, "T2s": {"win": 13.723793223748196, "loss": 83.72654656018759, "equity": 0.1485643312436655}, "A9o": {"win": 18.78531553396339, "loss": 78.07691319303352, "equity": 0.20222690369271273}, "K9o": {"win": 18.149198068436295, "loss": 79.01286192700069, "equity": 0.19435725527038145}, "Q9o": {"win": 17.642724605023353, "loss": 79.58877452545363, "equity": 0.18892215010584013}, "J9o": {"win": 17.483826647950327, "loss": 79.72599754283775, "equity": 0.18741819225024606}, "T9o": {"win": 17.587814540813614, "loss": 79.54876996081985, "equity": 0.18880932076402815}, "99": {"win": 26.296954567608655, "loss": 72.8825314161774, "equity": 0.266339454752135}, "98s": {"win": 19.094319217331996, "loss": 78.2858183670696, "equity": 0.20269287088936622}, "97s": {"win": 17.6441950022129, "loss": 79.69440337725968, "equity": 0.18837591360716646}, "96s": {"win": 16.13690298293832, "loss": 81.17519459674364, "equity": 0.17341565402765935}, "95s": {"win": 14.705235315089274, "loss": 82.57942647397648, "equity": 0.15917106978445067}, "94s": {"win": 13.451073506762063, "loss": 83.939509175195, "equity": 0.14610773239053557}, "93s": {"win": 13.184150527969152, "loss": 84.32637734692986, "equity": 0.14286495687707373}, "92s": {"win": 12.914956206744977, "loss": 84.77092630827215, "equity": 0.1393345496185675}, "A8o": {"win": 17.65035591029273, "loss": 78.93149697517251, "equity": 0.19222915219693848}, "K8o": {"win": 16.00498323810257, "loss": 80.95269525028756, "equity": 0.17387471496647755}, "Q8o": {"win": 15.540261305653525, "loss": 81.5667322431063, "equity": 0.16847601632593665}, "J8o": {"win": 15.426130907416507, "loss": 81.69754095253657, "equity": 0.16723576026697912}, "T8o": {"win": 15.574069067441792, "loss": 81.49347083972354, "equity": 0.16898034424313846}, "98o": {"win": 15.420821187852482, "loss": 81.85721012390084, "equity": 0.1664435371044262}, "88": {"win": 23.69141318845986, "loss": 75.49007970489522, "equity": 0.24023288933997888}, "87s": {"win": 17.782607974933665, "loss": 79.60537251840664, "equity": 0.18953186239560169},