{"AA": {"win": 48.96340054270264, "loss": 50.4766375955598, "equity": 0.49187500428591546}, "AKs": {"win": 30.17890748277783, "loss": 67.85284819599292, "equity": 0.3106360638910209}, "AQs": {"win": 28.278481806411527, "loss": 69.43894794020456, "equity": 0.2931208444569932}, "AJs": {"win": 26.701117224125937, "loss": 70.71200447256626, "equity": 0.2787893848580403}, "ATs": {"win": 25.387212707908695, "loss": 71.73681307123776, "equity": 0.2670226676370278}, "A9s": {"win": 22.758153373404742, "loss": 74.2468781929062, "equity": 0.2412691362309441}, "A8s": {"win": 21.727672612978516, "loss": 75.01059379760349, "equity": 0.23225006427351222}, "A7s": {"win": 20.800263145291016, "loss": 75.74644643269176, "equity": 0.2239051448158231}, "A6s": {"win": 19.960994540022373, "loss": 76.4922759756165, "equity": 0.21597324407598445}, "A5s": {"win": 20.460830624520984, "loss": 75.8013456755775, "equity": 0.2218675754547424}, "A4s": {"win": 19.99825124441184, "loss": 76.37355428909102, "equity": 0.21672509568840284}, "A3s": {"win": 19.579564579922394, "loss": 76.94556754872487, "equity": 0.21180369945329125}, "A2s": {"win": 19.073888957232924, "loss": 77.60172140339773, "equity": 0.20602530759257495}, "AKo": {"win": 26.925021140253968, "loss": 71.03041268692515, "equity": 0.2784675989990514}, "KK": {"win": 42.7169260158924, "loss": 56.67600751518808, "equity": 0.4296131480510666}, "KQs": {"win": 27.375205199920618, "loss": 70.46638813756854, "equity": 0.28342048350834903}, "KJs": {"win": 25.85411457863224, "loss": 71.71035027900307, "equity": 0.2695212693050135}, "KTs": {"win": 24.6087356554261, "loss": 72.69741031713502, "equity": 0.25829480673304944}, "K9s": {"win": 22.022045105757982, "loss": 75.26313252206043, "equity": 0.23249721423525013}, "K8s": {"win": 20.05378682848447, "loss": 77.04393320624155, "equity": 0.21369465943523905}, "K7s": {"win": 19.250894524881407, "loss": 77.63612339498806, "equity": 0.20668467375905802}, "K6s": {"win": 18.539226499287548, "loss": 78.22789842514975, "equity": 0.20015192412651595}, "K5s": {"win": 17.970134430315508, "loss": 78.7124323226369, "equity": 0.19482990827188168}, "K4s": {"win": 17.556998668280094, "loss": 79.24598739682615, "equity": 0.19012934119382346}, "K3s": {"win": 17.213236540119123, "loss": 79.74854221550498, "equity": 0.18593255740999523}, "K2s": {"win": 16.889683351963498, "loss": 80.22673892879493, "equity": 0.18195785784949173}, "AQo": {"win": 24.838179257769816, "loss": 72.78542398301536, "equity": 0.2591722455053784}, "KQo": {"win": 24.027911244438677, "loss": 73.73280745159371, "equity": 0.25033649154736576}, "QQ": {"win": 37.58753698139902, "loss": 61.694349634805015, "equity": 0.37885705860631774}, "QJs": {"win": 25.135526508111194, "loss": 72.42423696538017, "equity": 0.2623206902626418}, "QTs": {"win": 23.94996376078426, "loss": 73.37821522982583, "equity": 0.25156453823974645}, "Q9s": {"win": 21.41289931258237, "loss": 75.9350393653253, "equity": 0.22606757421718307}, "Q8s": {"win": 19.488979055992644, "loss": 77.74790155296452, "equity": 0.2073434118140018}, "Q7s": {"win": 17.75086170769581, "loss": 79.3382326111657, "equity": 0.190655647900254}, "Q6s": {"win": 17.13138613670112, "loss": 79.80469324146895, "equity": 0.18520178454838618}, "Q5s": {"win": 16.603250765075686, "loss": 80.26983803463234, "equity": 0.18018383242424987}, "Q4s": {"win": 16.215578632086416, "loss": 80.78902895785731, "equity": 0.17568432569152803}, "Q3s": {"win": 15.88681982471224, "loss": 81.28272395719267, "equity": 0.1716082482895956}, "Q2s": {"win": 15.578294223379354, "loss": 81.75240832068447, "equity": 0.16775273659587608}, "AJo": {"win": 23.10123872440967, "loss": 74.200559944317, "equity": 0.24332915105555716}, "KJo": {"win": 22.352516909580775, "loss": 75.11455599792609, "equity": 0.23497393479150197}, "QJo": {"win": 21.72808117256669, "loss": 75.73753987186178, "equity": 0.22869829257849397}, "JJ": {"win": 33.22048391834339, "loss": 65.95297267673185, "equity": 0.33570082008936225}, "JTs": {"win": 23.63688460857458, "loss": 73.65280987295242, "equity": 0.2486125373657797}, "J9s": {"win": 21.15038800697524, "loss": 76.17334233869938, "equity": 0.22353907663921152}, "J8s": {"win": 19.26733953446227, "loss": 77.98163255419685, "equity": 0.2050496534111362}, "J7s": {"win": 17.53508454860645, "loss": 79.63174880139678, "equity": 0.18810705846857495}, "J6s": {"win": 15.980728874219224, "loss": 81.07905819942503, "equity": 0.1730617008202719}, "J5s": {"win": 15.517497734388936, "loss": 81.43561406896674, "equity": 0.16890047983512588}, "J4s": {"win": 15.149401565268523, "loss": 81.94486983589896, "equity": 0.16454941528204686}, "J3s": {"win": 14.836622331590608, "loss": 82.42647597198155, "equity": 0.16061464596783506}, "J2s": {"win": 14.543091262824232, "loss": 82.88714680727857, "equity": 0.15688141006823567}, "ATo": {"win": 21.652904322569444, "loss": 75.34253117145029, "equity": 0.23030075527573154}, "KTo": {"win": 20.97588951293094, "loss": 76.21635916024246, "equity": 0.22251354152283995}, "QTo": {"win": 20.415339307237016, "loss": 76.80377892060018, "equity": 0.2167424250106202}, "JTo": {"win": 20.20327105018418, "loss": 76.97893048399251, "equity": 0.21479524131521896}, "TT": {"win": 29.514005853822948, "loss": 69.54977867543373, "equity": 0.2991519739405277}, "T9s": {"win": 21.148656509297606, "loss": 76.10272985682539, "equity": 0.22386729107950298}, "T8s": {"win": 19.30752198610174, "loss": 77.88539437741015, "equity": 0.20571547485341493}, "T7s": {"win": 17.60101261056508, "loss": 79.54148882152178, "equity": 0.1888767330852199}, "T6s": {"win": 16.024623084303602, "loss": 81.06657906363036, "equity": 0.17334541130849168}, "T5s": {"win": 14.628464786344157, "loss": 82.38776800641085, "equity": 0.15968224645550033}, "T4s": {"win": 14.305372249352475, "loss": 82.79943204210757, "equity": 0.1560324317517119}, "T3s": {"win": 14.00452557157382, "loss": 83.27417847541601, "equity": 0.1521919025023126}, "T2s": {"win": 13.723654444801161, "loss": 83.72676778270176, "equity": 0.1485626620909103}, "A9o": {"win": 18.785297782802857, "loss": 78.07684035636568, "equity": 0.20222685599171694}, "K9o": {"win": 18.14907889924926, "loss": 79.01320003557794, "equity": 0.1943550103182168}, "Q9o": {"win": 17.643192779833885, "loss": 79.58828522574629, "equity": 0.1889269511161541}, "J9o": {"win": 17.484095289239807, "loss": 79.72557543785207, "equity": 0.1874216570919864}, "T9o": {"win": 17.588008903831035, "loss": 79.54868425625774, "equity": 0.18881083544512287}, "99": {"win": 26.296662788979024, "loss": 72.88274578110664, "equity": 0.2663366036817407}, "98s": {"win": 19.09435983317024, "loss": 78.28564173456293, "equity": 0.20269386491723285}, "97s": {"win": 17.64559089349278, "loss": 79.69299895493448, "equity": 0.18839012483640716}, "96s": {"win": 16.137221929949742, "loss": 81.17507905227731, "equity": 0.17341879859370263}, "95s": {"win": 14.705877299221845, "loss": 82.5791367008356, "equity": 0.15917541625163464}, "94s": {"win": 13.450843909690384, "loss": 83.93958004410341, "equity": 0.14610604860198784}, "93s": {"win": 13.184513438681337, "loss": 84.3259087356231, "equity": 0.14286874244102818}, "92s": {"win": 12.914957869043482, "loss": 84.77100865318272, "equity": 0.13933426454117742}, "A8o": {"win": 17.65038398419724, "loss": 78.93127648981688, "equity": 0.19223029603379937}, "K8o": {"win": 16.00460006310698, "loss": 80.95310156447024, "equity": 0.17387076982722036}, "Q8o": {"win": 15.540044205266168, "loss": 81.56703454224173, "equity": 0.16847328472862116}, "J8o": {"win": 15.42617558019747, "loss": 81.6971132129083, "equity": 0.16723790921926399}, "T8o": {"win": 15.574394534850676, "loss": 81.4932616514704, "equity": 0.16898286312566566}, "98o": {"win": 15.420531386797098, "loss": 81.85776691250173, "equity": 0.1664395524102409}, "88": {"win": 23.69079044944312, "loss": 75.4907302426291, "equity": 0.24022632157844168}, "87s": {"win": 17.780880690328402, "loss": 79.60708706578862, "equity": 0.18951456790173668},