{"AA": {"win": 43.31352348946488, "loss": 56.14020581689724, "equity": 0.43537265435068273}, "AKs": {"win": 26.81736183491416, "loss": 71.23204315099801, "equity": 0.27696720411472975}, "AQs": {"win": 24.94422575561212, "loss": 72.79247440633253, "equity": 0.2596859701441882}, "AJs": {"win": 23.431715974128277, "loss": 74.00338405615105, "equity": 0.24596405576914876}, "ATs": {"win": 22.203278473710135, "loss": 74.94514620770202, "equity": 0.23501748303662107}, "A9s": {"win": 19.744827379020467, "loss": 77.33656007095523, "equity": 0.21071091712478812}, "A8s": {"win": 18.80356857235089, "loss": 78.03285988487339, "equity": 0.20246908765585953}, "A7s": {"win": 17.9908454494494, "loss": 78.66744581306075, "equity": 0.19520200094392817}, "A6s": {"win": 17.294209630970606, "loss": 79.27380432283005, "equity": 0.1886840946968226}, "A5s": {"win": 17.80275072300895, "loss": 78.58191989399198, "equity": 0.1946337117076517}, "A4s": {"win": 17.44410928414063, "loss": 79.07284966744386, "equity": 0.19043857198714417}, "A3s": {"win": 17.12096332778556, "loss": 79.56904553573543, "equity": 0.18639595569123774}, "A2s": {"win": 16.698223030092056, "loss": 80.16175798663272, "equity": 0.181369645611149}, "AKo": {"win": 23.47536923479885, "loss": 74.49993134770243, "equity": 0.24390006331941663}, "KK": {"win": 37.17548891482832, "loss": 62.216038898231176, "equity": 0.37426593934247676}, "KQs": {"win": 24.176422128201988, "loss": 73.68115350250511, "equity": 0.2513974042562533}, "KJs": {"win": 22.731560208540568, "loss": 74.85126668520202, "equity": 0.2382243011951093}, "KTs": {"win": 21.574403146660654, "loss": 75.74837680132475, "equity": 0.22786608351536228}, "K9s": {"win": 19.14686382911093, "loss": 78.2119816726982, "equity": 0.20338672542834454}, "K8s": {"win": 17.35527908807531, "loss": 79.82936906550637, "equity": 0.18626866467157005}, "K7s": {"win": 16.63815908646534, "loss": 80.35746366590938, "equity": 0.18000343168440247}, "K6s": {"win": 16.03214238572051, "loss": 80.85372012260189, "equity": 0.17447580806939325}, "K5s": {"win": 15.560749433796131, "loss": 81.2504647766262, "equity": 0.17008976416677693}, "K4s": {"win": 15.245072047847147, "loss": 81.70753853715571, "equity": 0.1662810879423935}, "K3s": {"win": 14.99673478361714, "loss": 82.1331871280739, "equity": 0.16296815332146575}, "K2s": {"win": 14.766837426448173, "loss": 82.53484957999609, "equity": 0.1598661653834034}, "AQo": {"win": 21.398789587498065, "loss": 76.24533690824917, "equity": 0.22467022032361453}, "KQo": {"win": 20.749305124419205, "loss": 77.02661884803588, "equity": 0.21751232269749046}, "QQ": {"win": 32.21656575821849, "loss": 67.04989294411088, "equity": 0.32527304749978386}, "QJs": {"win": 22.102083726600664, "loss": 75.47279795542363, "equity": 0.23194434181697088}, "QTs": {"win": 21.011640896707696, "loss": 76.32635508285163, "equity": 0.22214316236638673}, "Q9s": {"win": 18.63029384053441, "loss": 78.78205750230262, "equity": 0.19794545861959206}, "Q8s": {"win": 16.87332326982961, "loss": 80.4444704976326, "equity": 0.18079984108472977}, "Q7s": {"win": 15.308643492943508, "loss": 81.86719236704512, "equity": 0.16580096113048703}, "Q6s": {"win": 14.768129375118107, "loss": 82.27371387835571, "equity": 0.16103808881117682}, "Q5s": {"win": 14.33846135716609, "loss": 82.64963164599881, "equity": 0.1569670672518207}, "Q4s": {"win": 14.046322899608235, "loss": 83.09380292639544, "equity": 0.15334287547054226}, "Q3s": {"win": 13.811974544326096, "loss": 83.51092260939365, "equity": 0.15014427371937658}, "Q2s": {"win": 13.595930606407663, "loss": 83.90442531992245, "equity": 0.1471539094280726}, "AJo": {"win": 19.717664362784717, "loss": 77.60658150486923, "equity": 0.20934799640550106}, "KJo": {"win": 19.140790881740163, "loss": 78.34304170693552, "equity": 0.2027844522407167}, "QJo": {"win": 18.62494981003141, "loss": 78.85285125550956, "equity": 0.19763177419224953}, "JJ": {"win": 28.13693854494988, "loss": 71.00748061636115, "equity": 0.28505137481564513}, "JTs": {"win": 20.774622715892697, "loss": 76.51168801721339, "equity": 0.22001558736907206}, "J9s": {"win": 18.4496235613613, "loss": 78.92439892609599, "equity": 0.19630971336107753}, "J8s": {"win": 16.727848450512447, "loss": 80.58674602398396, "equity": 0.17935044284703125}, "J7s": {"win": 15.156499689599906, "loss": 82.08767620452451, "equity": 0.16394948256292094}, "J6s": {"win": 13.765048537539219, "loss": 83.37051494550516, "equity": 0.15052411802315455}, "J5s": {"win": 13.373257856870394, "loss": 83.67371110874734, "equity": 0.1469922880090989}, "J4s": {"win": 13.099369377669122, "loss": 84.10844007022351, "equity": 0.14350698621419405}, "J3s": {"win": 12.877789252494003, "loss": 84.51604645081431, "equity": 0.140421262216747}, "J2s": {"win": 12.675448055490538, "loss": 84.90068766408184, "equity": 0.13754574258004693}, "ATo": {"win": 18.3512994920861, "loss": 78.66850875371384, "equity": 0.19710540579314814}, "KTo": {"win": 17.848696141395912, "loss": 79.35801648978263, "equity": 0.19115644802186937}, "QTo": {"win": 17.40368733226982, "loss": 79.82153321314553, "equity": 0.1865964806524386}, "JTo": {"win": 17.284055844660816, "loss": 79.88959444421111, "equity": 0.18564450197210433}, "TT": {"win": 24.790009289438558, "loss": 74.22887170074355, "equity": 0.252172811567069}, "T9s": {"win": 18.514913596928942, "loss": 78.7714796721843, "equity": 0.19737758398351388}, "T8s": {"win": 16.837507573103952, "loss": 80.40549120372667, "equity": 0.1807840770958567}, "T7s": {"win": 15.285171521868373, "loss": 81.91888009816185, "equity": 0.16542306965565065}, "T6s": {"win": 13.857467034375556, "loss": 83.3015847038394, "equity": 0.15133776310786928}, "T5s": {"win": 12.612009990157521, "loss": 84.46642822309761, "equity": 0.13920098270705114}, "T4s": {"win": 12.355358560975299, "loss": 84.84034770480525, "equity": 0.13609071537510942}, "T3s": {"win": 12.14294084415361, "loss": 85.2426610820013, "equity": 0.13307768240652726}, "T2s": {"win": 11.951268372300927, "loss": 85.61993546214606, "equity": 0.1302928992022311}, "A9o": {"win": 15.660928389696293, "loss": 81.27988920074999, "equity": 0.1705314672253454}, "K9o": {"win": 15.187256651608305, "loss": 82.04871111345369, "equity": 0.16436585647853783}, "Q9o": {"win": 14.79294534435173, "loss": 82.5013536150063, "equity": 0.1601253821278047}, "J9o": {"win": 14.731931671773975, "loss": 82.5249028704864, "equity": 0.1596837216218944}, "T9o": {"win": 14.917215203671018, "loss": 82.25033884657513, "equity": 0.1619611080375697}, "99": {"win": 22.08102130270768, "loss": 77.09009585214434, "equity": 0.22427125796180816}, "98s": {"win": 16.675747427602513, "loss": 80.80150707699906, "equity": 0.17807847162589518}, "97s": {"win": 15.407432727118685, "loss": 82.03766168318766, "equity": 0.16552882738276678}, "96s": {"win": 14.048717981395283, "loss": 83.37699695985377, "equity": 0.15201210054588932}, "95s": {"win": 12.753817075475533, "loss": 84.64730763914959, "equity": 0.13911831446925427}, "94s": {"win": 11.640025133083052, "loss": 85.87008142479155, "equity": 0.12744790807463272}, "93s": {"win": 11.434116743609588, "loss": 86.22051783863989, "equity": 0.12471145980472884}, "92s": {"win": 11.249327498110539, "loss": 86.59385792901621, "equity": 0.12198176459844184}, "A8o": {"win": 14.619153631152276, "loss": 82.06474022962745, "equity": 0.16134151189054177}, "K8o": {"win": 13.229804306427893, "loss": 83.81483583764843, "equity": 0.14566729955542507}, "Q8o": {"win": 12.86588236570976, "loss": 84.32064812892033, "equity": 0.14133888569391082}, "J8o": {"win": 12.844149911202706, "loss": 84.34196556350417, "equity": 0.14111505740311445}, "T8o": {"win": 13.076141384639145, "loss": 84.03714104926597, "equity": 0.14377918307334814}, "98o": {"win": 12.986692620156386, "loss": 84.38831994672888, "equity": 0.141666471621519}, "88": {"win": 19.961141717438124, "loss": 79.21453981796746, "equity": 0.20301812331471858}, "87s": {"win": 15.591953558819693, "loss": 81.90873358995137,