{"AA": {"win": 43.31371419487868, "loss": 56.140026265955754, "equity": 0.4353745545185025}, "AKs": {"win": 26.817523710233043, "loss": 71.23188721660102, "equity": 0.27696880774425603}, "AQs": {"win": 24.94370084781614, "loss": 72.7929331622137, "equity": 0.2596811565280326}, "AJs": {"win": 23.43189842866864, "loss": 74.00334731607714, "equity": 0.24596518104205795}, "ATs": {"win": 22.20330962935406, "loss": 74.94506805742101, "equity": 0.23501793427234324}, "A9s": {"win": 19.74435242036949, "loss": 77.33688582285384, "equity": 0.21070691305242797}, "A8s": {"win": 18.80346130081322, "loss": 78.03293140324105, "equity": 0.20246829144450434}, "A7s": {"win": 17.990331597433325, "loss": 78.66773004998912, "equity": 0.19519772972384938}, "A6s": {"win": 17.294104591508617, "loss": 79.27383071391088, "equity": 0.18868323117182143}, "A5s": {"win": 17.80313721089455, "loss": 78.58195449390519, "equity": 0.19463573341974527}, "A4s": {"win": 17.44424305280268, "loss": 79.07272735256855, "equity": 0.19043987879213822}, "A3s": {"win": 17.121077892233146, "loss": 79.56891181945959, "equity": 0.1863972526294168}, "A2s": {"win": 16.69826432053421, "loss": 80.16172955460257, "equity": 0.1813700594922787}, "AKo": {"win": 23.475424121594052, "loss": 74.49993104444019, "equity": 0.2439004112704362}, "KK": {"win": 37.175224049229236, "loss": 62.21628634692952, "equity": 0.37426341452963396}, "KQs": {"win": 24.176834800498614, "loss": 73.68079801613399, "equity": 0.25140135564920246}, "KJs": {"win": 22.73211041550732, "loss": 74.85064192650617, "equity": 0.23823014955060212}, "KTs": {"win": 21.574618563571065, "loss": 75.74802001154538, "equity": 0.22786898124164895}, "K9s": {"win": 19.146564630752408, "loss": 78.2122820382261, "equity": 0.20338363839071255}, "K8s": {"win": 17.355317371160485, "loss": 79.82936185604817, "equity": 0.1862688291144557}, "K7s": {"win": 16.638368619226274, "loss": 80.35723612241566, "equity": 0.1800057385153803}, "K6s": {"win": 16.031987381967056, "loss": 80.8539265985768, "equity": 0.17447405249481837}, "K5s": {"win": 15.560900995592265, "loss": 81.25010535214885, "equity": 0.17009228284885908}, "K4s": {"win": 15.245053185310052, "loss": 81.70753011140116, "equity": 0.16628095478724106}, "K3s": {"win": 14.99683304312308, "loss": 82.1331719175242, "equity": 0.16296874029643235}, "K2s": {"win": 14.766716180069785, "loss": 82.53496605261421, "equity": 0.15986503821704157}, "AQo": {"win": 21.398583863657674, "loss": 76.24552094829995, "equity": 0.22466849243073586}, "KQo": {"win": 20.749383525508932, "loss": 77.02651340249521, "equity": 0.21751317352349123}, "QQ": {"win": 32.21642869532792, "loss": 67.04998398201272, "equity": 0.3252718272482739}, "QJs": {"win": 22.102010874315198, "loss": 75.47289636114337, "equity": 0.23194351849991016}, "QTs": {"win": 21.01152049692212, "loss": 76.3264139738776, "equity": 0.22214233396476069}, "Q9s": {"win": 18.630110543989076, "loss": 78.78219175059691, "equity": 0.19794383376981986}, "Q8s": {"win": 16.873855163919952, "loss": 80.44398520417369, "equity": 0.18080481365421172}, "Q7s": {"win": 15.308702159740466, "loss": 81.86716925424074, "equity": 0.1658013095020724}, "Q6s": {"win": 14.767934244928899, "loss": 82.27389992828861, "equity": 0.161036416248897}, "Q5s": {"win": 14.338590608489017, "loss": 82.64967571044146, "equity": 0.15696748695415386}, "Q4s": {"win": 14.046642479442728, "loss": 83.09354548879023, "equity": 0.15334580501679024}, "Q3s": {"win": 13.812188734094624, "loss": 83.51073935804834, "equity": 0.15014614665743897}, "Q2s": {"win": 13.596236690872438, "loss": 83.90400885436073, "equity": 0.1471573904075834}, "AJo": {"win": 19.71767347176614, "loss": 77.60652380222113, "equity": 0.20934828539252792}, "KJo": {"win": 19.140781278275867, "loss": 78.3429390487196, "equity": 0.2027848968383339}, "QJo": {"win": 18.62506962749897, "loss": 78.85257707033612, "equity": 0.19763357475652235}, "JJ": {"win": 28.136920043997964, "loss": 71.00746620303966, "equity": 0.2850512493179541}, "JTs": {"win": 20.77438722709731, "loss": 76.51176184315098, "equity": 0.22001410267202495}, "J9s": {"win": 18.449380677518334, "loss": 78.9245856440582, "equity": 0.19630753100906692}, "J8s": {"win": 16.727887079975936, "loss": 80.58661258211752, "equity": 0.17935129422134355}, "J7s": {"win": 15.15679696638194, "loss": 82.0872651311265, "equity": 0.1639529418991116}, "J6s": {"win": 13.764957888569201, "loss": 83.37042417036784, "equity": 0.15052395955421022}, "J5s": {"win": 13.373182505911902, "loss": 83.67394227053424, "equity": 0.1469907768086669}, "J4s": {"win": 13.099272084073407, "loss": 84.10848336459053, "equity": 0.1435060175196997}, "J3s": {"win": 12.878222893538835, "loss": 84.51558791144349, "equity": 0.14042573158042582}, "J2s": {"win": 12.67528678981606, "loss": 84.90091847154706, "equity": 0.13754391655556827}, "ATo": {"win": 18.35132145821861, "loss": 78.66848059611894, "equity": 0.19710570467140445}, "KTo": {"win": 17.848473872827384, "loss": 79.35831060041087, "equity": 0.1911539647759556}, "QTo": {"win": 17.403666657715295, "loss": 79.82154996315823, "equity": 0.18659632379084504}, "JTo": {"win": 17.284016440979247, "loss": 79.88961221526408, "equity": 0.18564419600255253}, "TT": {"win": 24.789822497243726, "loss": 74.22907929156294, "equity": 0.25217084560085196}, "T9s": {"win": 18.514559026472345, "loss": 78.77190316336626, "equity": 0.19737369749860192}, "T8s": {"win": 16.83729642339534, "loss": 80.40575045302933, "equity": 0.1807818836225396}, "T7s": {"win": 15.285041691781249, "loss": 81.91896275873658, "equity": 0.16542189726224085}, "T6s": {"win": 13.85745842095652, "loss": 83.30143788334998, "equity": 0.15133846107040966}, "T5s": {"win": 12.611887448604062, "loss": 84.4667266776652, "equity": 0.13919873291734575}, "T4s": {"win": 12.355596874769322, "loss": 84.84015765110229, "equity": 0.13609300137311017}, "T3s": {"win": 12.143033036969094, "loss": 85.24259118343936, "equity": 0.13307853858619437}, "T2s": {"win": 11.951320320882939, "loss": 85.61980950689319, "equity": 0.1302939443523268}, "A9o": {"win": 15.660699091902854, "loss": 81.28005674901172, "equity": 0.17052946695941895}, "K9o": {"win": 15.187064795595438, "loss": 82.0488947544581, "equity": 0.16436393652136735}, "Q9o": {"win": 14.792953264665544, "loss": 82.50130435135357, "equity": 0.16012564179481154}, "J9o": {"win": 14.731813876896526, "loss": 82.52503603729089, "equity": 0.15968252403335328}, "T9o": {"win": 14.917139072092269, "loss": 82.25024869638916, "equity": 0.16196106998107054}, "99": {"win": 22.080945966076488, "loss": 77.09014146616195, "equity": 0.2242705092333672}, "98s": {"win": 16.675877014602253, "loss": 80.80147526831493, "equity": 0.17807914925051935}, "97s": {"win": 15.407469072164632, "loss": 82.03768173543877, "equity": 0.16552904079931927}, "96s": {"win": 14.048919398402036, "loss": 83.37689783939378, "equity": 0.15201363386015898}, "95s": {"win": 12.753678218188746, "loss": 84.64775004608059, "equity": 0.1391155574176607}, "94s": {"win": 11.640171597295954, "loss": 85.86977124223925, "equity": 0.1274502095584829}, "93s": {"win": 11.433889438321675, "loss": 86.22068125839475, "equity": 0.12470944698805746}, "92s": {"win": 11.249021157085773, "loss": 86.59433053752545, "equity": 0.12197801110510452}, "A8o": {"win": 14.619036191798605, "loss": 82.06490906899049, "equity": 0.1613401108870457}, "K8o": {"win": 13.229960833039474, "loss": 83.81459980390854, "equity": 0.14566927415298236}, "Q8o": {"win": 12.86582147171373, "loss": 84.32062937991478, "equity": 0.14133866942048195}, "J8o": {"win": 12.843970330406233, "loss": 84.34219113466182, "equity": 0.14111300164777696}, "T8o": {"win": 13.076182674431463, "loss": 84.03699060515657, "equity": 0.14378007642912063}, "98o": {"win": 12.986765814077717, "loss": 84.38818338952204, "equity": 0.14166756140115444}, "88": {"win": 19.961083559160265, "loss": 79.21455596543701, "equity": 0.20301773453765798}, "87s": {"win": 15.592065777733412, "loss": 81.90866149132961,