{"AA": {"win": 43.313931010536194, "loss": 56.13976936363206, "equity": 0.43537691546628066}, "AKs": {"win": 26.816467647255877, "loss": 71.23292515927959, "equity": 0.27695862187205816}, "AQs": {"win": 24.943423748840463, "loss": 72.79303553221831, "equity": 0.25967907519571753}, "AJs": {"win": 23.43098959668822, "loss": 74.00416040455195, "equity": 0.245956598760494}, "ATs": {"win": 22.20426039349661, "loss": 74.94416051961952, "equity": 0.23502732975446705}, "A9s": {"win": 19.745780519885717, "loss": 77.3355486793771, "equity": 0.21072079296891022}, "A8s": {"win": 18.803499098282437, "loss": 78.0331076904277, "equity": 0.2024671955570875}, "A7s": {"win": 17.99055451843548, "loss": 78.66838734638796, "equity": 0.19519584857071526}, "A6s": {"win": 17.294199882296475, "loss": 79.27363554854871, "equity": 0.18868464352152306}, "A5s": {"win": 17.80259007177135, "loss": 78.58225086114929, "equity": 0.1946311532360521}, "A4s": {"win": 17.443689155841287, "loss": 79.07260849794119, "equity": 0.19043723943452437}, "A3s": {"win": 17.120276249709633, "loss": 79.57017525852929, "equity": 0.1863869667219374}, "A2s": {"win": 16.697377375873874, "loss": 80.16290281956688, "equity": 0.18136033006846813}, "AKo": {"win": 23.474522017163505, "loss": 74.50104148697014, "equity": 0.24389051892291416}, "KK": {"win": 37.17637401816429, "loss": 62.215377152708726, "equity": 0.37427380493465845}, "KQs": {"win": 24.176443163337012, "loss": 73.68102398776433, "equity": 0.2513977371664005}, "KJs": {"win": 22.731680458642952, "loss": 74.85138343455793, "equity": 0.23822474253465706}, "KTs": {"win": 21.574492989853795, "loss": 75.74820672693818, "equity": 0.2278670960909307}, "K9s": {"win": 19.14599861159204, "loss": 78.21279650241375, "equity": 0.20337782627986215}, "K8s": {"win": 17.3565679495124, "loss": 79.82785878006875, "equity": 0.18628243126999647}, "K7s": {"win": 16.63939151436702, "loss": 80.3559395334126, "equity": 0.18001677710392933}, "K6s": {"win": 16.03220195010037, "loss": 80.85421271559912, "equity": 0.17447407526029035}, "K5s": {"win": 15.561542997267578, "loss": 81.249792589494, "equity": 0.17009713365267534}, "K4s": {"win": 15.245570932522533, "loss": 81.70689618841405, "equity": 0.16628686893938535}, "K3s": {"win": 14.996514116467344, "loss": 82.13333534120828, "equity": 0.16296654609367148}, "K2s": {"win": 14.766390685265044, "loss": 82.53520738225399, "equity": 0.15986229302886495}, "AQo": {"win": 21.39767542440412, "loss": 76.24642436536085, "equity": 0.22465951534205925}, "KQo": {"win": 20.74972479399156, "loss": 77.02622075763958, "equity": 0.21751641610901185}, "QQ": {"win": 32.21736188140688, "loss": 67.04940382030864, "equity": 0.32527992231637953}, "QJs": {"win": 22.101492612921778, "loss": 75.4731973483029, "equity": 0.23193903291858947}, "QTs": {"win": 21.011816328117995, "loss": 76.32613027507492, "equity": 0.22214526074304866}, "Q9s": {"win": 18.63155872138871, "loss": 78.78067582549701, "equity": 0.1979582317086861}, "Q8s": {"win": 16.873260168110075, "loss": 80.4445735063019, "equity": 0.18079935763233795}, "Q7s": {"win": 15.30852890406903, "loss": 81.86701812868635, "equity": 0.16580105955178095}, "Q6s": {"win": 14.768283834308248, "loss": 82.27325905215638, "equity": 0.1610407841810464}, "Q5s": {"win": 14.337982963931863, "loss": 82.65024651640212, "equity": 0.15696201134267004}, "Q4s": {"win": 14.046038749925819, "loss": 83.09431240352374, "equity": 0.15333900398524775}, "Q3s": {"win": 13.811329480973717, "loss": 83.5116705250672, "equity": 0.15013754246972086}, "Q2s": {"win": 13.59532883069195, "loss": 83.90505560930708, "equity": 0.14714811530378824}, "AJo": {"win": 19.716820043717018, "loss": 77.60760594735673, "equity": 0.20933873663909974}, "KJo": {"win": 19.14049188413502, "loss": 78.34356584454736, "equity": 0.20278040617528142}, "QJo": {"win": 18.62419321164873, "loss": 78.85394630373558, "equity": 0.19762289206607594}, "JJ": {"win": 28.13589475613979, "loss": 71.00848808215146, "equity": 0.285041254478126}, "JTs": {"win": 20.77357615253559, "loss": 76.51250185461694, "equity": 0.2200068648480764}, "J9s": {"win": 18.449267040121708, "loss": 78.9247202733375, "equity": 0.19630616353398372}, "J8s": {"win": 16.728321114056875, "loss": 80.58676586225195, "equity": 0.17935302593823135}, "J7s": {"win": 15.15688612241329, "loss": 82.08703988607199, "equity": 0.16395436132469235}, "J6s": {"win": 13.764833447076956, "loss": 83.37045402973702, "equity": 0.15052263171273222}, "J5s": {"win": 13.372841837085156, "loss": 83.67408678349683, "equity": 0.14698796951349222}, "J4s": {"win": 13.100131360756276, "loss": 84.10731527394874, "equity": 0.14351666119846776}, "J3s": {"win": 12.878252406379174, "loss": 84.51594222170137, "equity": 0.14042410842672903}, "J2s": {"win": 12.67510442044387, "loss": 84.90082737532329, "equity": 0.1375426503991311}, "ATo": {"win": 18.35159789481545, "loss": 78.66804819110061, "equity": 0.19710903442590752}, "KTo": {"win": 17.848573127497236, "loss": 79.3581190855542, "equity": 0.19115519610452444}, "QTo": {"win": 17.403645491061354, "loss": 79.82163280845066, "equity": 0.18659597287273122}, "JTo": {"win": 17.284202273940682, "loss": 79.88958884373339, "equity": 0.1856455243024147}, "TT": {"win": 24.789607134929742, "loss": 74.22919566222932, "equity": 0.25216921338125564}, "T9s": {"win": 18.51506005788308, "loss": 78.770851869425, "equity": 0.19738135225066947}, "T8s": {"win": 16.838175250439065, "loss": 80.40448985073036, "equity": 0.1807923707364587}, "T7s": {"win": 15.285676046879805, "loss": 81.91898515745048, "equity": 0.16542575442203855}, "T6s": {"win": 13.857797221149974, "loss": 83.30129708057173, "equity": 0.15134053147925017}, "T5s": {"win": 12.611819705096373, "loss": 84.46659082652263, "equity": 0.13919862157901275}, "T4s": {"win": 12.355550274681944, "loss": 84.8404626114105, "equity": 0.1360909675416405}, "T3s": {"win": 12.143366725500028, "loss": 85.24254857994288, "equity": 0.1330805901380954}, "T2s": {"win": 11.951156772073665, "loss": 85.620323878428, "equity": 0.13029037064176918}, "A9o": {"win": 15.661067825830784, "loss": 81.27964650155519, "equity": 0.17053348910351435}, "K9o": {"win": 15.187286927920345, "loss": 82.0484633923958, "equity": 0.16436719117462265}, "Q9o": {"win": 14.79244227678695, "loss": 82.50191862586448, "equity": 0.16012011816168234}, "J9o": {"win": 14.732013432202693, "loss": 82.52502574578541, "equity": 0.15968354838475574}, "T9o": {"win": 14.91724606225386, "loss": 82.25022424631787, "equity": 0.16196180379145098}, "99": {"win": 22.081006487722746, "loss": 77.09016250922285, "equity": 0.22427122063930963}, "98s": {"win": 16.67605552711038, "loss": 80.80128503223253, "equity": 0.17808116381308764}, "97s": {"win": 15.406239359672403, "loss": 82.03885070982388, "equity": 0.16551646241833826}, "96s": {"win": 14.048653123938504, "loss": 83.37684520614845, "equity": 0.1520117943192511}, "95s": {"win": 12.752983746078083, "loss": 84.64795798248421, "equity": 0.13911139357771357}, "94s": {"win": 11.639968091109704, "loss": 85.87036515244957, "equity": 0.12744655792163406}, "93s": {"win": 11.43356005058612, "loss": 86.22111091759547, "equity": 0.124706218689805}, "92s": {"win": 11.24917340435867, "loss": 86.59405715724986, "equity": 0.12197993636759394}, "A8o": {"win": 14.619162057863347, "loss": 82.06496756627547, "equity": 0.1613406031837133}, "K8o": {"win": 13.229848659362746, "loss": 83.81456453319078, "equity": 0.14566884451607712}, "Q8o": {"win": 12.866023783929528, "loss": 84.3205661806383, "equity": 0.14134037471697777}, "J8o": {"win": 12.844366680429538, "loss": 84.34201550169925, "equity": 0.14111620322489268}, "T8o": {"win": 13.075995504953019, "loss": 84.03721185627899, "equity": 0.14377831539634886}, "98o": {"win": 12.987063395756522, "loss": 84.38780047141468, "equity": 0.14167068739258443}, "88": {"win": 19.961299132752142, "loss": 79.21425782756668, "equity": 0.20302038001490644}, "87s": {"win": 15.593200402097585, "loss": 81.90735546370654,