{"AA": {"win": 38.50602809558512, "loss": 60.96359359414992, "equity": 0.3872768548144038}, "AKs": {"win": 24.078812928977403, "loss": 73.98789454686987, "equity": 0.24953122453179674}, "AQs": {"win": 22.281399544400156, "loss": 75.48120771976598, "equity": 0.23293255043888408}, "AJs": {"win": 20.861398050698362, "loss": 76.60530772071581, "equity": 0.2200802169036156}, "ATs": {"win": 19.73087319586498, "loss": 77.45137498230194, "equity": 0.2100769135885795}, "A9s": {"win": 17.448127657777658, "loss": 79.71026737331918, "equity": 0.18731365091572713}, "A8s": {"win": 16.59272388245201, "loss": 80.34333032955678, "equity": 0.17981260142660083}, "A7s": {"win": 15.88070365913254, "loss": 80.88946524348503, "equity": 0.1734893027200983}, "A6s": {"win": 15.302340674721084, "loss": 81.37699937061491, "equity": 0.16815728701552105}, "A5s": {"win": 15.801011903910537, "loss": 80.70507720038957, "equity": 0.17396644020921065}, "A4s": {"win": 15.524036982321304, "loss": 81.13245618855663, "equity": 0.17052107332915883}, "A3s": {"win": 15.273849476226573, "loss": 81.57373691117361, "equity": 0.1671425669113104}, "A2s": {"win": 14.912952700098854, "loss": 82.12072503342075, "equity": 0.16267717801762213}, "AKo": {"win": 20.669241418436403, "loss": 77.32572625243608, "equity": 0.21577165790165267}, "KK": {"win": 32.64361685124791, "loss": 66.74784921628739, "equity": 0.3289993717965515}, "KQs": {"win": 21.596045299700158, "loss": 76.27537655405202, "equity": 0.2255502675598893}, "KJs": {"win": 20.254057808858086, "loss": 77.34668668045154, "equity": 0.21336011395428126}, "KTs": {"win": 19.19734242869293, "loss": 78.14187841300426, "equity": 0.20398794262591868}, "K9s": {"win": 16.931840628247787, "loss": 80.49077374269932, "equity": 0.18090652957779163}, "K8s": {"win": 15.307037193670288, "loss": 81.9498005142343, "equity": 0.1653944530480556}, "K7s": {"win": 14.66906727325716, "loss": 82.42087500383285, "equity": 0.15980744920929213}, "K6s": {"win": 14.149979511330029, "loss": 82.84073686694194, "equity": 0.15509656657768203}, "K5s": {"win": 13.755350726368038, "loss": 83.16865780196424, "equity": 0.15144575506094846}, "K4s": {"win": 13.515635015409265, "loss": 83.56719878016732, "equity": 0.14833385043403657}, "K3s": {"win": 13.339008447988611, "loss": 83.93630129363997, "equity": 0.1456869254038716}, "K2s": {"win": 13.178484945716113, "loss": 84.28208482252009, "equity": 0.14323480299709307}, "AQo": {"win": 18.65527044398571, "loss": 79.01673400268201, "equity": 0.19709302714449592}, "KQo": {"win": 18.10830055996017, "loss": 79.68120443942993, "equity": 0.19105501406042602}, "QQ": {"win": 27.97457938980064, "loss": 71.27873618231803, "equity": 0.28295864057577363}, "QJs": {"win": 19.694939719211643, "loss": 77.89174084186568, "equity": 0.20781609556229333}, "QTs": {"win": 18.713029651702964, "loss": 78.63292835615015, "equity": 0.1990945074957842}, "Q9s": {"win": 16.491366506865337, "loss": 80.97492471701725, "equity": 0.17628120110278062}, "Q8s": {"win": 14.885523174511965, "loss": 82.49760098700119, "equity": 0.1605794937815527}, "Q7s": {"win": 13.47296164475945, "loss": 83.77060126644967, "equity": 0.14706883366786377}, "Q6s": {"win": 13.001640816996296, "loss": 84.12768999259066, "equity": 0.14289763402869546}, "Q5s": {"win": 12.646437229972939, "loss": 84.43738378383654, "equity": 0.13953885822763432}, "Q4s": {"win": 12.42911425815946, "loss": 84.82368604106921, "equity": 0.1366022058577577}, "Q3s": {"win": 12.265082967671622, "loss": 85.18434244829095, "equity": 0.13406223579305052}, "Q2s": {"win": 12.116913723344133, "loss": 85.52225599171271, "equity": 0.13171301898959664}, "AJo": {"win": 17.06116470827838, "loss": 80.29622338890138, "equity": 0.18258491111884126}, "KJo": {"win": 16.59697591871693, "loss": 80.90394382822889, "equity": 0.17725292998857195}, "QJo": {"win": 16.168626257713196, "loss": 81.31969717854535, "equity": 0.173011275479015}, "JJ": {"win": 24.250803398691453, "loss": 74.86606317391977, "equity": 0.24635764087524908}, "JTs": {"win": 18.541920882683062, "loss": 78.74047416156355, "equity": 0.19767725636138261}, "J9s": {"win": 16.378542778048494, "loss": 81.03660524448395, "equity": 0.17538355611922185}, "J8s": {"win": 14.80374592188045, "loss": 82.56325966772712, "equity": 0.1598298745980596}, "J7s": {"win": 13.369941152086831, "loss": 83.93331294690442, "equity": 0.14575887188272724}, "J6s": {"win": 12.11307940146327, "loss": 85.07875959638636, "equity": 0.13367217036774506}, "J5s": {"win": 11.776603059449075, "loss": 85.34449617011947, "equity": 0.1306117490177805}, "J4s": {"win": 11.575756690356158, "loss": 85.72180929607123, "equity": 0.1278037873049494}, "J3s": {"win": 11.422175378895075, "loss": 86.07502435006602, "equity": 0.1253543831641412}, "J2s": {"win": 11.284821787900851, "loss": 86.40548195666051, "equity": 0.12309770794179804}, "ATo": {"win": 15.791518171899808, "loss": 81.26291107386386, "equity": 0.17127488063681306}, "KTo": {"win": 15.405196788251462, "loss": 81.81657703564896, "equity": 0.16661064168999334}, "QTo": {"win": 15.055888292083509, "loss": 82.17479010263494, "equity": 0.1630586164043013}, "JTo": {"win": 15.01897309886071, "loss": 82.14744500868655, "equity": 0.1629885778166222}, "TT": {"win": 21.288322907748146, "loss": 77.68666395836385, "equity": 0.2173966916291489}, "T9s": {"win": 16.50334904953964, "loss": 80.81012843307168, "equity": 0.1771056378236149}, "T8s": {"win": 14.972535122115831, "loss": 82.30746575476685, "equity": 0.1619218027142486}, "T7s": {"win": 13.550413959857984, "loss": 83.69935480489451, "equity": 0.14781164024937798}, "T6s": {"win": 12.242569780658625, "loss": 84.96505191239872, "equity": 0.13489786065142628}, "T5s": {"win": 11.11274343298908, "loss": 86.00750825745864, "equity": 0.12393774383517699}, "T4s": {"win": 10.908666472792424, "loss": 86.35497541207286, "equity": 0.1212465935008137}, "T3s": {"win": 10.761346094352888, "loss": 86.70403509444846, "equity": 0.11885016652366423}, "T2s": {"win": 10.632350095796985, "loss": 87.02890000330638, "equity": 0.11666419881363721}, "A9o": {"win": 13.286628244368437, "loss": 83.73384381923809, "equity": 0.14633137595957707}, "K9o": {"win": 12.915789855132635, "loss": 84.38414352794665, "equity": 0.14130929143431456}, "Q9o": {"win": 12.611923143802699, "loss": 84.73561019263623, "equity": 0.13803338520778385}, "J9o": {"win": 12.636489385596803, "loss": 84.65974035270327, "equity": 0.1385121075359964}, "T9o": {"win": 12.894233249630355, "loss": 84.29787235003607, "equity": 0.14157695185454933}, "99": {"win": 19.053440536057675, "loss": 80.10836338740023, "equity": 0.19407954119306897}, "98s": {"win": 14.861878679760743, "loss": 82.6930852249738, "equity": 0.1595684903633501}, "97s": {"win": 13.74079469852547, "loss": 83.78666906916612, "equity": 0.14846102379768106}, "96s": {"win": 12.502761527093961, "loss": 85.0089521252649, "equity": 0.13612416372188335}, "95s": {"win": 11.308979333745535, "loss": 86.17875488318252, "equity": 0.12423552769608491}, "94s": {"win": 10.30378230523427, "loss": 87.29417726318289, "equity": 0.11364743766556183}, "93s": {"win": 10.142725456963278, "loss": 87.62131131684778, "equity": 0.11127541605131784}, "92s": {"win": 10.017761841024258, "loss": 87.94424002772575, "equity": 0.10911991477039455}, "A8o": {"win": 12.337776433787498, "loss": 84.44998765497837, "equity": 0.1379449860264923}, "K8o": {"win": 11.135251233160556, "loss": 85.98192615093045, "equity": 0.12431436194701162}, "Q8o": {"win": 10.849359715329776, "loss": 86.40167119014238, "equity": 0.12082233979479849}, "J8o": {"win": 10.9059485459049, "loss": 86.33035171710938, "equity": 0.12145173624438152}, "T8o": {"win": 11.210054986325506, "loss": 85.93750640948856, "equity": 0.12490679954853437}, "98o": {"win": 11.185496768435904, "loss": 86.2673307778176, "equity": 0.12327431642084663}, "88": {"win": 17.353516266668045, "loss": 81.81346443821548, "equity": 0.17702898967907174}, "87s": {"win": 13.96697030443243, "loss": 83.61624263354479,