{"AA": {"win": 38.505795960601354, "loss": 60.96380074556513, "equity": 0.3872745455272789}, "AKs": {"win": 24.079872301704047, "loss": 73.98668433120011, "equity": 0.24954257480245848}, "AQs": {"win": 22.28205601535479, "loss": 75.48067821765044, "equity": 0.232938896377525}, "AJs": {"win": 20.86209881518089, "loss": 76.60448212777438, "equity": 0.22008773034124668}, "ATs": {"win": 19.730208980504493, "loss": 77.45199949850114, "equity": 0.2100705983173497}, "A9s": {"win": 17.447465534635086, "loss": 79.71083591524065, "equity": 0.18730743995555643}, "A8s": {"win": 16.592776715649087, "loss": 80.34305827301031, "equity": 0.17981468146632262}, "A7s": {"win": 15.880928715613381, "loss": 80.8886510310809, "equity": 0.17349424670811422}, "A6s": {"win": 15.302435127604962, "loss": 81.37709025649819, "equity": 0.16815748883128925}, "A5s": {"win": 15.801407941877224, "loss": 80.70460850830271, "equity": 0.1739705554232459}, "A4s": {"win": 15.524552062131674, "loss": 81.13284212464808, "equity": 0.17052244617859627}, "A3s": {"win": 15.274500869288254, "loss": 81.57281122499545, "equity": 0.16715032831415214}, "A2s": {"win": 14.913280256055533, "loss": 82.11995338147345, "equity": 0.16268216382005873}, "AKo": {"win": 20.669971701938852, "loss": 77.3248269000885, "equity": 0.2157796737904028}, "KK": {"win": 32.642732164144874, "loss": 66.74844137549731, "equity": 0.32899180639822423}, "KQs": {"win": 21.59605872558998, "loss": 76.27534469063345, "equity": 0.2255505914176516}, "KJs": {"win": 20.253834320680003, "loss": 77.34668919545845, "equity": 0.21335870714151933}, "KTs": {"win": 19.197164329426325, "loss": 78.14217874089064, "equity": 0.2039856290045558}, "K9s": {"win": 16.933100722902626, "loss": 80.48928576344599, "equity": 0.18092066630692005}, "K8s": {"win": 15.305662987274856, "loss": 81.95133653180451, "equity": 0.16538001296943114}, "K7s": {"win": 14.667715480318122, "loss": 82.42242673172012, "equity": 0.15979307767947812}, "K6s": {"win": 14.149737877089246, "loss": 82.84036228393583, "equity": 0.15509671262717695}, "K5s": {"win": 13.755002031672337, "loss": 83.16905595902404, "equity": 0.15144172019152763}, "K4s": {"win": 13.515385462778653, "loss": 83.56763790742578, "equity": 0.14833044880017535}, "K3s": {"win": 13.339316767983147, "loss": 83.93602741958532, "equity": 0.14568981783603888}, "K2s": {"win": 13.178894879488753, "loss": 84.28164832225833, "equity": 0.1432388668493032}, "AQo": {"win": 18.656215979934103, "loss": 79.01578803999422, "equity": 0.19710217328245885}, "KQo": {"win": 18.1077206372573, "loss": 79.68183918875955, "equity": 0.19104887369223345}, "QQ": {"win": 27.973917436862628, "loss": 71.27910685934437, "equity": 0.28295303685377365}, "QJs": {"win": 19.695431771486632, "loss": 77.89145187978319, "equity": 0.20782033431075284}, "QTs": {"win": 18.712907799453294, "loss": 78.63294077115266, "equity": 0.19909391210297034}, "Q9s": {"win": 16.490556529993512, "loss": 80.9758734245966, "equity": 0.17627256287918264}, "Q8s": {"win": 14.885406098722704, "loss": 82.49765124690028, "equity": 0.16057839488530073}, "Q7s": {"win": 13.473115011809154, "loss": 83.77052544592884, "equity": 0.1470700205275817}, "Q6s": {"win": 13.001724300335445, "loss": 84.12793588675216, "equity": 0.14289687031320317}, "Q5s": {"win": 12.646846776162217, "loss": 84.43707166539355, "equity": 0.13954230604414775}, "Q4s": {"win": 12.4296071779529, "loss": 84.8231091356854, "equity": 0.1366073224026634}, "Q3s": {"win": 12.265529894091657, "loss": 85.18375513517756, "equity": 0.1340672010902337}, "Q2s": {"win": 12.117326195164104, "loss": 85.52188357546912, "equity": 0.13171694892015576}, "AJo": {"win": 17.061730675207816, "loss": 80.29539383982629, "equity": 0.18259179298623618}, "KJo": {"win": 16.59712376204826, "loss": 80.90359215327584, "equity": 0.1772554138127038}, "QJo": {"win": 16.169052608634008, "loss": 81.3189456555656, "equity": 0.1730169241104785}, "JJ": {"win": 24.2517386871318, "loss": 74.86521768551442, "equity": 0.24636645307329172}, "JTs": {"win": 18.542545012911013, "loss": 78.73993974346816, "equity": 0.1976826507859948}, "J9s": {"win": 16.379004810085114, "loss": 81.03618942093874, "equity": 0.1753883863348935}, "J8s": {"win": 14.803477899306255, "loss": 82.56301173920008, "equity": 0.159829206349377}, "J7s": {"win": 13.36965792886628, "loss": 83.93385246434715, "equity": 0.14575451561816632}, "J6s": {"win": 12.113267474855748, "loss": 85.07891580090053, "equity": 0.13367304265852842}, "J5s": {"win": 11.776695116998413, "loss": 85.34429512290147, "equity": 0.13061362907414703}, "J4s": {"win": 11.574895871803935, "loss": 85.72297674641511, "equity": 0.12779365064417111}, "J3s": {"win": 11.421652626174057, "loss": 86.07495785374246, "equity": 0.12535186254263722}, "J2s": {"win": 11.285203996334761, "loss": 86.40517518547033, "equity": 0.12310159531623892}, "ATo": {"win": 15.79112297266738, "loss": 81.26337521859604, "equity": 0.17127056556167414}, "KTo": {"win": 15.405260504450677, "loss": 81.81656972728982, "equity": 0.1666110768068801}, "QTo": {"win": 15.05576993992897, "loss": 82.17472155740859, "equity": 0.16305819782935546}, "JTo": {"win": 15.01863292855092, "loss": 82.14776909813126, "equity": 0.16298485823621256}, "TT": {"win": 21.288587227275407, "loss": 77.68652029458185, "equity": 0.21739880951857202}, "T9s": {"win": 16.502894208087135, "loss": 80.81085728978367, "equity": 0.1770998056682628}, "T8s": {"win": 14.971815019709476, "loss": 82.30823573389043, "equity": 0.16191432634948996}, "T7s": {"win": 13.54975262644389, "loss": 83.69936262281777, "equity": 0.14780759403965926}, "T6s": {"win": 12.242128992552487, "loss": 84.96521061393403, "equity": 0.13489498597353192}, "T5s": {"win": 11.112969675304242, "loss": 86.00719441131865, "equity": 0.12394069136487335}, "T4s": {"win": 10.908570344621749, "loss": 86.35503684343638, "equity": 0.12124608305361034}, "T3s": {"win": 10.76098156864359, "loss": 86.70406930700358, "equity": 0.11884789961315169}, "T2s": {"win": 10.632300761451122, "loss": 87.02857502730096, "equity": 0.11666527314325681}, "A9o": {"win": 13.286519845753116, "loss": 83.73403345524697, "equity": 0.14632969629570255}, "K9o": {"win": 12.91566781813621, "loss": 84.38452345606615, "equity": 0.14130682176378798}, "Q9o": {"win": 12.61209861273765, "loss": 84.73515868168158, "equity": 0.13803640065826278}, "J9o": {"win": 12.636355959126028, "loss": 84.65979954029892, "equity": 0.13851110262201569}, "T9o": {"win": 12.894295535342371, "loss": 84.2979440064522, "equity": 0.14157681761103866}, "99": {"win": 19.053324381479847, "loss": 80.1084088750514, "equity": 0.19407840146812533}, "98s": {"win": 14.86147185727197, "loss": 82.69329345974694, "equity": 0.15956549177489865}, "97s": {"win": 13.742089852710098, "loss": 83.78545152221733, "equity": 0.1484739625293733}, "96s": {"win": 12.502942194148483, "loss": 85.00882636720895, "equity": 0.13612617963372797}, "95s": {"win": 11.309400730825244, "loss": 86.17862363426951, "equity": 0.1242379323215243}, "94s": {"win": 10.3036793682664, "loss": 87.29407918195693, "equity": 0.11364701529676782}, "93s": {"win": 10.143294889695909, "loss": 87.62066027357167, "equity": 0.11128111290887598}, "92s": {"win": 10.017939339129759, "loss": 87.94411840301412, "equity": 0.109121315188318}, "A8o": {"win": 12.337952527131325, "loss": 84.44975170959586, "equity": 0.1379467793781551}, "K8o": {"win": 11.1355599571761, "loss": 85.9818414182032, "equity": 0.1243163543834629}, "Q8o": {"win": 10.849212984579854, "loss": 86.401811658023, "equity": 0.12082064976113528}, "J8o": {"win": 10.905911076997684, "loss": 86.33020536596149, "equity": 0.12145188624429037}, "T8o": {"win": 11.210150226713527, "loss": 85.93746959533924, "equity": 0.12490721254084221}, "98o": {"win": 11.185026404036652, "loss": 86.26783499075712, "equity": 0.1232695341063725}, "88": {"win": 17.353163994777702, "loss": 81.81387635620354, "equity": 0.17702497539663298}, "87s": {"win": 13.966383755774702, "loss": 83.61673338277528,