{"AA": {"win": 38.50592420235804, "loss": 60.96368610213342, "equity": 0.3872758454750796}, "AKs": {"win": 24.08014268059581, "loss": 73.98644245087547, "equity": 0.249545218894447}, "AQs": {"win": 22.281538299401355, "loss": 75.48116286827397, "equity": 0.23293400118216898}, "AJs": {"win": 20.862355330180996, "loss": 76.60443271074377, "equity": 0.22008931545654847}, "ATs": {"win": 19.730335675074894, "loss": 77.45184309854679, "equity": 0.21007185255693908}, "A9s": {"win": 17.447138588660277, "loss": 79.71108326016085, "equity": 0.1873046174122944}, "A8s": {"win": 16.592642204146472, "loss": 80.34317307428616, "equity": 0.1798135070502081}, "A7s": {"win": 15.880413026230922, "loss": 80.88901605016646, "equity": 0.17348951108194924}, "A6s": {"win": 15.302404199832626, "loss": 81.37705336311542, "equity": 0.16815730905712312}, "A5s": {"win": 15.801683876636567, "loss": 80.7046696629797, "equity": 0.1739718035151607}, "A4s": {"win": 15.524695742852954, "loss": 81.13277555050453, "equity": 0.17052346336085208}, "A3s": {"win": 15.274713675805211, "loss": 81.572659139381, "equity": 0.16715215661605268}, "A2s": {"win": 14.913286467317715, "loss": 82.12003663491514, "equity": 0.16268182904517892}, "AKo": {"win": 20.669949423408447, "loss": 77.32495490591187, "equity": 0.21577900487491733}, "KK": {"win": 32.64237998179956, "loss": 66.74876752404573, "equity": 0.3289884359664381}, "KQs": {"win": 21.596543300429616, "loss": 76.27488381663454, "equity": 0.2255554230414029}, "KJs": {"win": 20.25450803371562, "loss": 77.3459275185555, "equity": 0.21336584297959352}, "KTs": {"win": 19.19729704069579, "loss": 78.14192706502196, "equity": 0.20398761803585475}, "K9s": {"win": 16.932704633844867, "loss": 80.48968833116403, "equity": 0.18091649793188902}, "K8s": {"win": 15.30574002961877, "loss": 81.95128849430255, "equity": 0.16538063081475315}, "K7s": {"win": 14.667901791144592, "loss": 82.42228900482958, "equity": 0.1597947566840481}, "K6s": {"win": 14.14957691033718, "loss": 82.84056287492493, "equity": 0.15509496320370408}, "K5s": {"win": 13.755276608760676, "loss": 83.16862642306833, "equity": 0.15144515372830322}, "K4s": {"win": 13.515365534793824, "loss": 83.56766470741566, "equity": 0.14833016820479383}, "K3s": {"win": 13.339467032291777, "loss": 83.93595921005115, "equity": 0.14569095223143777}, "K2s": {"win": 13.178777787055594, "loss": 84.28171077729422, "equity": 0.14323800241787993}, "AQo": {"win": 18.65611099668486, "loss": 79.01585064523331, "equity": 0.19710155824620082}, "KQo": {"win": 18.107786809581462, "loss": 79.68173337131321, "equity": 0.19104966678008345}, "QQ": {"win": 27.97380654534057, "loss": 71.27920041313564, "equity": 0.28295196182678084}, "QJs": {"win": 19.69544165058578, "loss": 77.8914574109778, "equity": 0.2078203658667171}, "QTs": {"win": 18.71270729305674, "loss": 78.633098112476, "equity": 0.19909216474364144}, "Q9s": {"win": 16.490488345827856, "loss": 80.97591875315848, "equity": 0.17627201575012028}, "Q8s": {"win": 14.885788437849962, "loss": 82.49728186970047, "equity": 0.1605820862366707}, "Q7s": {"win": 13.47306359309757, "loss": 83.77064834929689, "equity": 0.14706915132341147}, "Q6s": {"win": 13.00141585761399, "loss": 84.1282866732263, "equity": 0.1428937396923499}, "Q5s": {"win": 12.647056647507206, "loss": 84.43705654159932, "equity": 0.13954347225425004}, "Q4s": {"win": 12.430043169949037, "loss": 84.8227819643639, "equity": 0.13661120475833266}, "Q3s": {"win": 12.265663799782475, "loss": 85.18360268428518, "equity": 0.13406843059661674}, "Q2s": {"win": 12.117800891887459, "loss": 85.5213405279548, "equity": 0.13172197163921034}, "AJo": {"win": 17.06187784018001, "loss": 80.29519303559773, "equity": 0.18259350674440822}, "KJo": {"win": 16.59712593340602, "loss": 80.90349069980195, "equity": 0.1772558981864698}, "QJo": {"win": 16.16912340097901, "loss": 81.31868837566692, "equity": 0.1730183860791506}, "JJ": {"win": 24.251822675688228, "loss": 74.86510552709647, "equity": 0.2463673794309132}, "JTs": {"win": 18.54224209425669, "loss": 78.74000819378735, "equity": 0.19768071603935555}, "J9s": {"win": 16.378818911936353, "loss": 81.03640888618543, "equity": 0.17538643959860906}, "J8s": {"win": 14.803460033188564, "loss": 82.56297044018768, "equity": 0.15982930354142835}, "J7s": {"win": 13.369900936101658, "loss": 83.93345497748412, "equity": 0.14575768795104252}, "J6s": {"win": 12.113245250249703, "loss": 85.07876512789827, "equity": 0.13367349326162323}, "J5s": {"win": 11.776585720194882, "loss": 85.34462522230585, "equity": 0.13061159607176293}, "J4s": {"win": 11.574830239964136, "loss": 85.72301360116202, "equity": 0.12779301281341893}, "J3s": {"win": 11.422046368098245, "loss": 86.07451157568215, "equity": 0.1253560385276952}, "J2s": {"win": 11.284905747461405, "loss": 86.40547149807358, "equity": 0.1230987852011893}, "ATo": {"win": 15.791110459566733, "loss": 81.26338932134101, "equity": 0.17127040085577774}, "KTo": {"win": 15.405175520225056, "loss": 81.81671460555786, "equity": 0.16661000090048325}, "QTo": {"win": 15.055757337043527, "loss": 82.17470932099864, "equity": 0.1630582022413931}, "JTo": {"win": 15.018710497538303, "loss": 82.14772612920554, "equity": 0.1629854946206747}, "TT": {"win": 21.288398555843926, "loss": 77.6867054691116, "equity": 0.21739698438015323}, "T9s": {"win": 16.502685955619494, "loss": 80.81116264172795, "equity": 0.17709725348090166}, "T8s": {"win": 14.971577023748312, "loss": 82.30849917012762, "equity": 0.1619119424462625}, "T7s": {"win": 13.54966649248827, "loss": 83.6994795825567, "equity": 0.14780651747680834}, "T6s": {"win": 12.242084222688504, "loss": 84.96508234601848, "equity": 0.13489528785627306}, "T5s": {"win": 11.112848526666692, "loss": 86.00751475785934, "equity": 0.12393844283008278}, "T4s": {"win": 10.908771746599252, "loss": 86.35484548111673, "equity": 0.12124820801693456}, "T3s": {"win": 10.761096196508763, "loss": 86.70394634523504, "equity": 0.11884916168830541}, "T2s": {"win": 10.63238620058115, "loss": 87.02836646633473, "equity": 0.1166668119850181}, "A9o": {"win": 13.286326041129803, "loss": 83.73421283926211, "equity": 0.14632783926752418}, "K9o": {"win": 12.915518989799136, "loss": 84.38473249047745, "equity": 0.14130503865729993}, "Q9o": {"win": 12.612040693031673, "loss": 84.7351702220551, "equity": 0.13803603335502745}, "J9o": {"win": 12.636264260805238, "loss": 84.65984836876267, "equity": 0.1385104551004844}, "T9o": {"win": 12.894194017543054, "loss": 84.29789163124573, "equity": 0.1415764249803959}, "99": {"win": 19.053473721075925, "loss": 80.10827444240913, "equity": 0.19407976745286604}, "98s": {"win": 14.861592300295014, "loss": 82.69325824703613, "equity": 0.15956624331254765}, "97s": {"win": 13.74201962486254, "loss": 83.78546920949807, "equity": 0.14847353622580123}, "96s": {"win": 12.503173858497316, "loss": 85.00874829783815, "equity": 0.13612775698469315}, "95s": {"win": 11.309358189013556, "loss": 86.17889621010119, "equity": 0.12423638945994521}, "94s": {"win": 10.303738759728676, "loss": 87.29390681136819, "equity": 0.11364820214198018}, "93s": {"win": 10.143098246637646, "loss": 87.62082791834575, "equity": 0.11127924974757578}, "92s": {"win": 10.017611353266568, "loss": 87.94458655942191, "equity": 0.10911741893255648}, "A8o": {"win": 12.337895098404912, "loss": 84.44989143287853, "equity": 0.1379458763478629}, "K8o": {"win": 11.135740908197784, "loss": 85.98162361163651, "equity": 0.12431834227231026}, "Q8o": {"win": 10.849178034071693, "loss": 86.4017421268635, "equity": 0.12082075102158087}, "J8o": {"win": 10.905724487056494, "loss": 86.33045705142062, "equity": 0.12144968516787986}, "T8o": {"win": 11.210245773690271, "loss": 85.93727901614012, "equity": 0.12490860720692068}, "98o": {"win": 11.185070094373144, "loss": 86.26774122076122, "equity": 0.12327025679052332}, "88": {"win": 17.353068573043245, "loss": 81.81390032731062, "equity": 0.1770243673542724}, "87s": {"win": 13.966484974270859, "loss": 83.61666403526479,