{"AA": {"win": 34.39609545654745, "loss": 65.09033536504946, "equity": 0.3461408662383399}, "AKs": {"win": 21.783705079133348, "loss": 76.29932714876638, "equity": 0.22652571659735232}, "AQs": {"win": 20.09398891086541, "loss": 77.6986667527136, "equity": 0.21090473103149077}, "AJs": {"win": 18.782056481587702, "loss": 78.72260862893835, "equity": 0.19906514451089863}, "ATs": {"win": 17.749064728677638, "loss": 79.47451429289598, "equity": 0.1899944189615045}, "A9s": {"win": 15.637469270135893, "loss": 81.59962264199002, "equity": 0.16875906733316667}, "A8s": {"win": 14.865744111928601, "loss": 82.17167093352401, "equity": 0.16198005788355668}, "A7s": {"win": 14.241513637832618, "loss": 82.64202137274032, "equity": 0.15647163394860708}, "A6s": {"win": 13.760074245844708, "loss": 83.03428856425514, "equity": 0.15209939821213686}, "A5s": {"win": 14.239588657217645, "loss": 82.39249713877675, "equity": 0.15767158225459343}, "A4s": {"win": 14.027698767498585, "loss": 82.7719082057981, "equity": 0.15481823322709293}, "A3s": {"win": 13.833272796955658, "loss": 83.17047826090216, "equity": 0.15195745058909452}, "A2s": {"win": 13.518547048658167, "loss": 83.68472403688807, "equity": 0.1479101972041459}, "AKo": {"win": 18.319564353867175, "loss": 79.69375660138851, "equity": 0.1922066895300259}, "KK": {"win": 28.913178393920074, "loss": 70.4782320462607, "equity": 0.2917336289645272}, "KQs": {"win": 19.4660132610393, "loss": 78.41802590456105, "equity": 0.20419062357792342}, "KJs": {"win": 18.240698522050803, "loss": 79.37781372852433, "equity": 0.19311354274019032}, "KTs": {"win": 17.288268364908546, "loss": 80.0697374726831, "equity": 0.18475284707452921}, "K9s": {"win": 15.179238176036714, "loss": 82.30211737114271, "equity": 0.163053511367661}, "K8s": {"win": 13.700771038785328, "loss": 83.62209343909171, "equity": 0.14894534063078413}, "K7s": {"win": 13.134033421659502, "loss": 84.04488372673254, "equity": 0.1439558603824128}, "K6s": {"win": 12.689108247244981, "loss": 84.39974734397038, "equity": 0.13993945900543361}, "K5s": {"win": 12.352460842589473, "loss": 84.67863803760392, "equity": 0.13683083904416668}, "K4s": {"win": 12.1721921079203, "loss": 85.03254003274792, "equity": 0.13426554834382856}, "K3s": {"win": 12.05102812644641, "loss": 85.35804405130128, "equity": 0.1321401495702698}, "K2s": {"win": 11.94202569390126, "loss": 85.6627877473484, "equity": 0.13017564845007354}, "AQo": {"win": 16.404546814741337, "loss": 81.29969345686237, "equity": 0.17441488436106384}, "KQo": {"win": 15.930725356859876, "loss": 81.87153038699594, "equity": 0.16921407291894144}, "QQ": {"win": 24.597835442029826, "loss": 74.64296128181138, "equity": 0.24927860001493043}, "QJs": {"win": 17.748452098857577, "loss": 79.84774229012366, "equity": 0.18827557505283196}, "QTs": {"win": 16.876146975614585, "loss": 80.47714055960542, "equity": 0.18063411929853287}, "Q9s": {"win": 14.80336203645695, "loss": 82.71056146526726, "equity": 0.15912918904403706}, "Q8s": {"win": 13.332520931911763, "loss": 84.1070438517537, "equity": 0.14471995792765002}, "Q7s": {"win": 12.049968383010105, "loss": 85.25222172830307, "equity": 0.13247569113535074}, "Q6s": {"win": 11.636603220524396, "loss": 85.57134688276454, "equity": 0.12878508438345238}, "Q5s": {"win": 11.338269392435532, "loss": 85.83108227563875, "equity": 0.12596728265110893}, "Q4s": {"win": 11.179006051974172, "loss": 86.17314264445525, "equity": 0.12356800424711559}, "Q3s": {"win": 11.067833250250649, "loss": 86.49173815540156, "equity": 0.12152878217881796}, "Q2s": {"win": 10.968950305270397, "loss": 86.79002781006479, "equity": 0.1196492410909096}, "AJo": {"win": 14.915010154879974, "loss": 82.48212743102643, "equity": 0.16088467532657139}, "KJo": {"win": 14.53526141934478, "loss": 82.98337871430054, "equity": 0.1565157536668692}, "QJo": {"win": 14.189551655787623, "loss": 83.30702780023539, "equity": 0.15314363387687008}, "JJ": {"win": 21.25406484485029, "loss": 77.83652500474994, "equity": 0.2165355208330103}, "JTs": {"win": 16.76894292862972, "loss": 80.50870080703649, "equity": 0.17990443587975397}, "J9s": {"win": 14.754146102578376, "loss": 82.69491395311495, "equity": 0.15892777684976978}, "J8s": {"win": 13.305108196045015, "loss": 84.10385090618259, "equity": 0.1445806356721996}, "J7s": {"win": 11.985581554315235, "loss": 85.36585517289711, "equity": 0.13160878969492726}, "J6s": {"win": 10.839003501110493, "loss": 86.39890981009846, "equity": 0.12061235163660093}, "J5s": {"win": 10.544740431016725, "loss": 86.63892151382792, "equity": 0.11789974362255229}, "J4s": {"win": 10.39767770891012, "loss": 86.97589096625708, "equity": 0.11558812542723336}, "J3s": {"win": 10.294046491393443, "loss": 87.28818763050357, "equity": 0.11361898072556106}, "J2s": {"win": 10.205396452358816, "loss": 87.57864370674673, "equity": 0.11183062955127655}, "ATo": {"win": 13.74559607492824, "loss": 83.35210646100106, "equity": 0.15053089769380942}, "KTo": {"win": 13.44953670305311, "loss": 83.79036255741653, "equity": 0.14690300822490257}, "QTo": {"win": 13.18916343983966, "loss": 84.04739568355238, "equity": 0.14429721306233453}, "JTo": {"win": 13.23015514375284, "loss": 83.92898298748408, "equity": 0.14506004105914685}, "TT": {"win": 18.65980557106674, "loss": 80.27326851767066, "equity": 0.19132370701735252}, "T9s": {"win": 14.929733972651492, "loss": 82.4034510729352, "equity": 0.16121556409274318}, "T8s": {"win": 13.523419085323846, "loss": 83.78349547274078, "equity": 0.14723229601138374}, "T7s": {"win": 12.20754355908308, "loss": 85.07458500860008, "equity": 0.13414656858997864}, "T6s": {"win": 10.9941913681746, "loss": 86.24833313210883, "equity": 0.12215212396309177}, "T5s": {"win": 9.953566104191632, "loss": 87.19594478995644, "equity": 0.11209551297833839}, "T4s": {"win": 9.790000625275143, "loss": 87.5257501056814, "equity": 0.109722068719565}, "T3s": {"win": 9.689779998369332, "loss": 87.83667620369303, "equity": 0.1077777213354986}, "T2s": {"win": 9.605460255535876, "loss": 88.12435460785747, "equity": 0.106025390559953}, "A9o": {"win": 11.423599429348535, "loss": 85.67893073510953, "equity": 0.12722402311094808}, "K9o": {"win": 11.126348791734383, "loss": 86.23391907743085, "equity": 0.12306890870412898}, "Q9o": {"win": 10.905608165292291, "loss": 86.48932673868181, "equity": 0.12068882101524805}, "J9o": {"win": 11.007446272890213, "loss": 86.32170921650446, "equity": 0.12200398819918065}, "T9o": {"win": 11.329881561033066, "loss": 85.88008568212737, "equity": 0.1257780072871857}, "99": {"win": 16.84076031975298, "loss": 82.31123284801563, "equity": 0.17202332506125828}, "98s": {"win": 13.459363307985605, "loss": 84.15415877378105, "equity": 0.14523831935293657}, "97s": {"win": 12.458229264296078, "loss": 85.13055250531289, "equity": 0.1353090514066323}, "96s": {"win": 11.31253636914244, "loss": 86.26332344813282, "equity": 0.1238720169459368}, "95s": {"win": 10.19451406991162, "loss": 87.35736949107883, "equity": 0.11273274349449781}, "94s": {"win": 9.271024206330475, "loss": 88.3910298554202, "equity": 0.10296341138681654}, "93s": {"win": 9.144799441840657, "loss": 88.70244057016822, "equity": 0.10087137021873512}, "92s": {"win": 9.06086273210606, "loss": 88.99128674064575, "equity": 0.09911616523105675}, "A8o": {"win": 10.565521361472104, "loss": 86.32880148223981, "equity": 0.11962076763599057}, "K8o": {"win": 9.508388487030285, "loss": 87.67637988668201, "equity": 0.1076379737790119}, "Q8o": {"win": 9.289209056353913, "loss": 88.01833767446757, "equity": 0.10487816901426532}, "J8o": {"win": 9.415481087968342, "loss": 87.86220518604792, "equity": 0.10627477163852152}, "T8o": {"win": 9.782155985245174, "loss": 87.39057381862656, "equity": 0.11042523540809875}, "98o": {"win": 9.816844260690102, "loss": 87.69539920477973, "equity": 0.10927085860835196}, "88": {"win": 15.484955325573242, "loss": 83.67219872430067, "equity": 0.1584187701255778}, "87s": {"win": 12.711135049244525, "loss": 84.92877607061901,