{"AA": {"win": 34.39590436481046, "loss": 65.09052252892762, "equity": 0.3461390436524318}, "AKs": {"win": 21.78296656561866, "loss": 76.30004717616444, "equity": 0.2265182492855663}, "AQs": {"win": 20.093477677229078, "loss": 77.6990860837043, "equity": 0.21089986755780518}, "AJs": {"win": 18.781206850022343, "loss": 78.72343497934773, "equity": 0.19905699001336138}, "ATs": {"win": 17.750027147182156, "loss": 79.47363774634552, "equity": 0.1900034384262783}, "A9s": {"win": 15.63782411329903, "loss": 81.59914703471544, "equity": 0.16876318597901752}, "A8s": {"win": 14.865380329269511, "loss": 82.17240476161535, "equity": 0.16197403463597682}, "A7s": {"win": 14.24137018180433, "loss": 82.64274302949869, "equity": 0.15646746870145148}, "A6s": {"win": 13.76003501806187, "loss": 83.0340414965626, "equity": 0.15210043307261864}, "A5s": {"win": 14.239368428946287, "loss": 82.39273003696806, "equity": 0.1576695850828808}, "A4s": {"win": 14.027196166496445, "loss": 82.77159975484727, "equity": 0.15481669477001772}, "A3s": {"win": 13.83255746144796, "loss": 83.1713597182723, "equity": 0.15194953005724934}, "A2s": {"win": 13.518228421268942, "loss": 83.68527679717126, "equity": 0.14790630427376308}, "AKo": {"win": 18.319096582233207, "loss": 79.69441850074377, "equity": 0.19220130223273724}, "KK": {"win": 28.91366052182973, "loss": 70.47806240694239, "equity": 0.2917371085699429}, "KQs": {"win": 19.46591682698987, "loss": 78.41797571127547, "equity": 0.20419022381358878}, "KJs": {"win": 18.24102419432664, "loss": 79.37770435535735, "equity": 0.1931158999277827}, "KTs": {"win": 17.288188344175296, "loss": 80.06958744594962, "equity": 0.18475301096221317}, "K9s": {"win": 15.178019447463168, "loss": 82.30345384417038, "equity": 0.16304035830670113}, "K8s": {"win": 13.702026873620852, "loss": 83.62091386771789, "equity": 0.14895746332846835}, "K7s": {"win": 13.13540296760194, "loss": 84.04328247875216, "equity": 0.1439708359701692}, "K6s": {"win": 12.688662555747024, "loss": 84.40074454145832, "equity": 0.13993298928114753}, "K5s": {"win": 12.352603137469425, "loss": 84.6782988089059, "equity": 0.13683355761784935}, "K4s": {"win": 12.172697839707373, "loss": 85.031921436482, "equity": 0.13427122028347174}, "K3s": {"win": 12.05087571883841, "loss": 85.35828234550694, "equity": 0.13213819058671036}, "K2s": {"win": 11.9418261813255, "loss": 85.66309773015517, "equity": 0.1301732380361101}, "AQo": {"win": 16.403716613769724, "loss": 81.30054128739751, "equity": 0.1744068121754742}, "KQo": {"win": 15.931341989757648, "loss": 81.87078630401629, "equity": 0.16922091768583947}, "QQ": {"win": 24.598440841092582, "loss": 74.64264433847768, "equity": 0.2492836704687505}, "QJs": {"win": 17.748134402546587, "loss": 79.84799219551192, "equity": 0.18827268930221341}, "QTs": {"win": 16.8764026176037, "loss": 80.47715122750739, "equity": 0.1806352788242157}, "Q9s": {"win": 14.804123315778135, "loss": 82.70971879839908, "equity": 0.15913718194663545}, "Q8s": {"win": 13.332408644696677, "loss": 84.10702514122575, "equity": 0.14471975137773743}, "Q7s": {"win": 12.049833377295434, "loss": 85.25235271004284, "equity": 0.13247429035364539}, "Q6s": {"win": 11.636585123677577, "loss": 85.57113611800416, "equity": 0.1287860937996721}, "Q5s": {"win": 11.338017376341039, "loss": 85.83147003616028, "equity": 0.12596424627234587}, "Q4s": {"win": 11.178321926087005, "loss": 86.17394410087549, "equity": 0.12356081046651873}, "Q3s": {"win": 11.066979937117537, "loss": 86.4927734248714, "equity": 0.12151945237617647}, "Q2s": {"win": 10.968396307863038, "loss": 86.7904585187407, "equity": 0.11964416861462372}, "AJo": {"win": 14.914728438524048, "loss": 82.48273338885822, "equity": 0.16088036646285184}, "KJo": {"win": 14.535263500873262, "loss": 82.98359515764909, "equity": 0.15651481775596016}, "QJo": {"win": 14.189231695776728, "loss": 83.30754988557479, "equity": 0.1531396940770594}, "JJ": {"win": 21.25322042094384, "loss": 77.83733911524419, "equity": 0.21652728745008037}, "JTs": {"win": 16.768457322761073, "loss": 80.50915676051487, "equity": 0.1799001023601194}, "J9s": {"win": 14.753631632524911, "loss": 82.69547278059835, "equity": 0.15892209598885526}, "J8s": {"win": 13.305508133540556, "loss": 84.10393886429335, "equity": 0.14458302015890595}, "J7s": {"win": 11.985884389055844, "loss": 85.36546265321768, "equity": 0.1316121413059631}, "J6s": {"win": 10.83853316997527, "loss": 86.3990082561377, "equity": 0.12060901463515995}, "J5s": {"win": 10.544571445645357, "loss": 86.63925425558912, "equity": 0.11789699793976365}, "J4s": {"win": 10.398334657510736, "loss": 86.97475182864646, "equity": 0.11559704091294726}, "J3s": {"win": 10.29485529305765, "loss": 87.2876666490301, "equity": 0.11362557215297636}, "J2s": {"win": 10.20488779355356, "loss": 87.5792012003524, "equity": 0.11182521722044245}, "ATo": {"win": 13.74622139857088, "loss": 83.35151587287989, "equity": 0.15053690778120057}, "KTo": {"win": 13.4495474551857, "loss": 83.79030887197051, "equity": 0.14690337007285248}, "QTo": {"win": 13.189336587463655, "loss": 84.04741377209511, "equity": 0.14429812702627037}, "JTo": {"win": 13.230601882562253, "loss": 83.92856911802835, "equity": 0.1450648903645276}, "TT": {"win": 18.659963848759578, "loss": 80.27309734290837, "equity": 0.19132543515405587}, "T9s": {"win": 14.930152448518482, "loss": 82.40298502524286, "equity": 0.16121994062274836}, "T8s": {"win": 13.523704010090258, "loss": 83.78323544617167, "equity": 0.14723490248154777}, "T7s": {"win": 12.208112158696224, "loss": 85.0744873076304, "equity": 0.13415079945689196}, "T6s": {"win": 10.99467075029906, "loss": 86.24821153630388, "equity": 0.12215526023702132}, "T5s": {"win": 9.953344483365013, "loss": 87.19639320071933, "equity": 0.1120919641261562}, "T4s": {"win": 9.790313533924337, "loss": 87.5256010776524, "equity": 0.10972455767513908}, "T3s": {"win": 9.689900166123342, "loss": 87.83669072958338, "equity": 0.10777830189529018}, "T2s": {"win": 9.605661259547693, "loss": 88.12439228507277, "equity": 0.10602659685393136}, "A9o": {"win": 11.42382381977211, "loss": 85.67864181448239, "equity": 0.12722672972284474}, "K9o": {"win": 11.126494621132867, "loss": 86.23344122360056, "equity": 0.12307194842384744}, "Q9o": {"win": 10.905507474052218, "loss": 86.4896556452025, "equity": 0.12068680626997219}, "J9o": {"win": 11.007454226911266, "loss": 86.32181564833904, "equity": 0.12200358078775635}, "T9o": {"win": 11.330044254725532, "loss": 85.87992067509326, "equity": 0.12577980356533844}, "99": {"win": 16.840723234879768, "loss": 82.31123224078897, "equity": 0.17202338262803407}, "98s": {"win": 13.459946773014922, "loss": 84.15374655209352, "equity": 0.14524311193218473}, "97s": {"win": 12.457186703239907, "loss": 85.13157935634345, "equity": 0.13529852295488792}, "96s": {"win": 11.312242168563198, "loss": 86.2633213028623, "equity": 0.12387005684638136}, "95s": {"win": 10.194151611829946, "loss": 87.35762991679744, "equity": 0.11273014615134977}, "94s": {"win": 9.271328206138376, "loss": 88.39090458682232, "equity": 0.10296608634564412}, "93s": {"win": 9.144353620537663, "loss": 88.70309880890048, "equity": 0.10086627258040506}, "92s": {"win": 9.060817330268277, "loss": 88.9914889005102, "equity": 0.09911514984916941}, "A8o": {"win": 10.565487875491389, "loss": 86.32886790999363, "equity": 0.11962044210945504}, "K8o": {"win": 9.508038315316284, "loss": 87.67649510101636, "equity": 0.1076355696402328}, "Q8o": {"win": 9.289439602399794, "loss": 88.0180967850777, "equity": 0.10488072592915604}, "J8o": {"win": 9.41554283261063, "loss": 87.86241528739545, "equity": 0.10627446440634097}, "T8o": {"win": 9.782112351275382, "loss": 87.3906668126351, "equity": 0.11042475260314566}, "98o": {"win": 9.817271740635785, "loss": 87.69505349501618, "equity": 0.10927476139263063}, "88": {"win": 15.485251279539181, "loss": 83.67181606388564, "equity": 0.1584222856193528}, "87s": {"win": 12.711946637174202, "loss": 84.92808491383944,