{"AA": {"win": 34.396217713546164, "loss": 65.09022637479652, "equity": 0.34614208301032723}, "AKs": {"win": 21.78395874703937, "loss": 76.29911992053121, "equity": 0.22652805564621084}, "AQs": {"win": 20.09345957917153, "loss": 77.69912592590042, "equity": 0.21089982511587085}, "AJs": {"win": 18.782390370078044, "loss": 78.72251990404847, "equity": 0.19906726902732527}, "ATs": {"win": 17.74922348779156, "loss": 79.47432686391038, "equity": 0.18999595521358006}, "A9s": {"win": 15.637278418229739, "loss": 81.59979348500732, "equity": 0.16875738913273164}, "A8s": {"win": 14.865554269845436, "loss": 82.1717945567635, "equity": 0.16197859581817003}, "A7s": {"win": 14.240952385425981, "loss": 82.6424346825165, "equity": 0.1564664834717516}, "A6s": {"win": 13.760160661699258, "loss": 83.03418313690524, "equity": 0.15210014539140343}, "A5s": {"win": 14.239749818698611, "loss": 82.39259554267703, "equity": 0.15767212924631138}, "A4s": {"win": 14.027902488195714, "loss": 82.77180557431929, "equity": 0.15481965075203516}, "A3s": {"win": 13.83346343414235, "loss": 83.1703869148052, "equity": 0.15195888550668454}, "A2s": {"win": 13.518634530168239, "loss": 83.68476265251198, "equity": 0.14791044307488638}, "AKo": {"win": 18.31960095444769, "loss": 79.6938035793034, "equity": 0.1922067311464449}, "KK": {"win": 28.912794440669288, "loss": 70.47855683896304, "equity": 0.29173007939446505}, "KQs": {"win": 19.466414088525326, "loss": 78.41767170047021, "equity": 0.20419442064716278}, "KJs": {"win": 18.241268954669863, "loss": 79.37713827139616, "equity": 0.19311970616961383}, "KTs": {"win": 17.288372072396697, "loss": 80.06947245253778, "equity": 0.18475477136669055}, "K9s": {"win": 15.178810496816592, "loss": 82.30258017162984, "equity": 0.1630488556821376}, "K8s": {"win": 13.700851648508385, "loss": 83.6220497002515, "equity": 0.14894583105507825}, "K7s": {"win": 13.134258531736767, "loss": 84.04473854231945, "equity": 0.14395778927144168}, "K6s": {"win": 12.689015949931772, "loss": 84.39986716641046, "equity": 0.13993840519187611}, "K5s": {"win": 12.352670417340626, "loss": 84.67832684578563, "equity": 0.1368334438884737}, "K4s": {"win": 12.172180579279933, "loss": 85.03250894610858, "equity": 0.1342654976620429}, "K3s": {"win": 12.051212584330685, "loss": 85.35789275311258, "equity": 0.13214180620181926}, "K2s": {"win": 11.941906034602159, "loss": 85.6629530181877, "equity": 0.13017432629821524}, "AQo": {"win": 16.40439930264495, "loss": 81.29978255853634, "equity": 0.1744138832137595}, "KQo": {"win": 15.930778829050189, "loss": 81.8714174293507, "equity": 0.1692148073798233}, "QQ": {"win": 24.597754756481987, "loss": 74.64304324734732, "equity": 0.2492777408812288}, "QJs": {"win": 17.74842228258349, "loss": 79.8477968700652, "equity": 0.1882752024610554}, "QTs": {"win": 16.875931272656224, "loss": 80.47730937767118, "equity": 0.18063224623773091}, "Q9s": {"win": 14.803334767650634, "loss": 82.71058731709402, "equity": 0.1591289308904355}, "Q8s": {"win": 13.332807749611364, "loss": 84.1068380430711, "equity": 0.14472237472260777}, "Q7s": {"win": 12.049935324570072, "loss": 85.25234957895884, "equity": 0.1324749446756544}, "Q6s": {"win": 11.636322402231126, "loss": 85.57165130374516, "equity": 0.12878219704598332}, "Q5s": {"win": 11.338405208365677, "loss": 85.83105588221233, "equity": 0.12596810137230322}, "Q4s": {"win": 11.179332781086831, "loss": 86.17291558658897, "equity": 0.12357080682479732}, "Q3s": {"win": 11.06796393557303, "loss": 86.49153902244835, "equity": 0.12153014052629693}, "Q2s": {"win": 10.969400032305181, "loss": 86.78955695036889, "equity": 0.11965371819198628}, "AJo": {"win": 14.915123799828361, "loss": 82.48198366810001, "equity": 0.16088594855790883}, "KJo": {"win": 14.535305132725812, "loss": 82.98324925009348, "equity": 0.15651660501997733}, "QJo": {"win": 14.189600465996442, "loss": 83.30679403455353, "equity": 0.15314485971304728}, "JJ": {"win": 21.2541167155646, "loss": 77.83644368378384, "equity": 0.2165361388209632}, "JTs": {"win": 16.768655478424893, "loss": 80.50884532251926, "equity": 0.17990223974807937}, "J9s": {"win": 14.75390703353527, "loss": 82.69518224005219, "equity": 0.15892526374191798}, "J8s": {"win": 13.304984509880075, "loss": 84.10394384897492, "equity": 0.14457961581952275}, "J7s": {"win": 11.985780143262787, "loss": 85.36552911439932, "equity": 0.1316113300953665}, "J6s": {"win": 10.838958736773344, "loss": 86.39879544107706, "equity": 0.12061252922117459}, "J5s": {"win": 10.544512693108079, "loss": 86.6392692264433, "equity": 0.1178970211265344}, "J4s": {"win": 10.397655936145938, "loss": 86.97581526123643, "equity": 0.11558821027826865}, "J3s": {"win": 10.294463116060085, "loss": 87.28770009490354, "equity": 0.11362349268222659}, "J2s": {"win": 10.20504652090454, "loss": 87.57899108842787, "equity": 0.11182733957759443}, "ATo": {"win": 13.745553827766035, "loss": 83.35213422855793, "equity": 0.15053051809057985}, "KTo": {"win": 13.44945999864203, "loss": 83.79046292934947, "equity": 0.14690218130900135}, "QTo": {"win": 13.189145201020409, "loss": 84.0474338420172, "equity": 0.14429690174997176}, "JTo": {"win": 13.230258545918561, "loss": 83.92887842579961, "equity": 0.14506104888934035}, "TT": {"win": 18.659500863285604, "loss": 80.2735431964177, "equity": 0.19132081974854745}, "T9s": {"win": 14.929568588160972, "loss": 82.40372316021224, "equity": 0.16121350392663455}, "T8s": {"win": 13.523133596248103, "loss": 83.7837731707012, "equity": 0.14722961948554508}, "T7s": {"win": 12.207487767570974, "loss": 85.07467663826414, "equity": 0.1341457895375735}, "T6s": {"win": 10.99407696191942, "loss": 86.24820791596285, "equity": 0.12215193017989687}, "T5s": {"win": 9.953391244601871, "loss": 87.19633066442003, "equity": 0.11209271397595952}, "T4s": {"win": 9.790182969887457, "loss": 87.5256230997821, "equity": 0.10972374343973476}, "T3s": {"win": 9.689902489755282, "loss": 87.83657711339895, "equity": 0.10777895934144212}, "T2s": {"win": 9.605638637565354, "loss": 88.12408662411555, "equity": 0.10602762572330122}, "A9o": {"win": 11.4233964110887, "loss": 85.67909295490598, "equity": 0.12722220847337884}, "K9o": {"win": 11.126220576257774, "loss": 86.23411473657976, "equity": 0.12306727391045708}, "Q9o": {"win": 10.905549244512086, "loss": 86.48933490621383, "equity": 0.12068845153065735}, "J9o": {"win": 11.007353333026161, "loss": 86.32177012688048, "equity": 0.1220032133052921}, "T9o": {"win": 11.329777679641708, "loss": 85.88008863683739, "equity": 0.1257773663088939}, "99": {"win": 16.840903821484194, "loss": 82.31111102748505, "equity": 0.17202463209983196}, "98s": {"win": 13.459643263019755, "loss": 84.15401825291832, "equity": 0.14524049429886612}, "97s": {"win": 12.45806795046742, "loss": 85.13070262438335, "equity": 0.13530755673456554}, "96s": {"win": 11.312762503077453, "loss": 86.26326071607629, "equity": 0.12387348818289878}, "95s": {"win": 10.194521512712358, "loss": 87.35761442963894, "equity": 0.11273165239103296}, "94s": {"win": 9.271063118226314, "loss": 88.39088450894218, "equity": 0.10296439478298941}, "93s": {"win": 9.144670783878114, "loss": 88.70259192535956, "equity": 0.10086995749874124}, "92s": {"win": 9.060537073914467, "loss": 88.99179094121725, "equity": 0.09911200283035544}, "A8o": {"win": 10.565437398128214, "loss": 86.32891620200985, "equity": 0.11961988219753929}, "K8o": {"win": 9.508520328553367, "loss": 87.6762249341827, "equity": 0.10763940769546197}, "Q8o": {"win": 9.289179679250811, "loss": 88.01826844935381, "equity": 0.104878299745324}, "J8o": {"win": 9.415288284739061, "loss": 87.86247211866424, "equity": 0.10627245763256953}, "T8o": {"win": 9.78229980632984, "loss": 87.39035407088824, "equity": 0.1104270301806719}, "98o": {"win": 9.816862925035425, "loss": 87.69531754784846, "equity": 0.10927137986284516}, "88": {"win": 15.48489615207907, "loss": 83.6721783190937, "equity": 0.15841853111348464}, "87s": {"win": 12.711275101043364, "loss": 84.92868876334401,